75306d8b-d8f7-440a-9084-7f1dc02fe794___JR_HL-8552.JPG,7
c40b6a46-5181-43ad-a27d-7e68fcd20f87___JR_HL-8553.JPG,7
0b76f650-27cf-4b62-b3ad-c97d81e0db0c___JR_HL-8554.JPG,7
85012959-e963-4a3d-b211-b875e27c6b30___JR_HL-8559.JPG,7
53572873-8205-48a9-81c0-6a60022c76ce___JR_HL-8550.JPG,7
a8481ff9-ee82-4035-b099-7f434e0edded___JR_HL-8556.JPG,7
e2aeb321-f217-43d9-bd13-d109949601d5___JR_HL-8548.JPG,7
e218ac01-833d-42c9-b0d5-8e2719d8308b___JR_HL-8560.JPG,7
8a2881b1-f331-442d-9c3b-95695b020909___JR_HL-8557.JPG,7
566dce25-a478-4995-b7be-08ff6f130703___JR_HL-8558.JPG,7
dae7bb76-d1f1-4f3e-8a07-143990c11ea1___JR_HL-8555.JPG,7
87c36fb4-0ad9-4386-8324-25e21df2a7d4___JR_HL-8547.JPG,7
38182511-f92e-4719-abc9-ff5514ece384___JR_HL-8549.JPG,7
14d0f6a3-c314-4faa-8d6f-1770b21f4f04___JR_HL-8551.JPG,7
f3c34e2d-5b85-44fc-96b6-e23cbae88046___JR_HL-7682.JPG,7
d93007b0-adaa-43d4-80be-d796d59944e6___JR_HL-7683.JPG,7
883f2bb3-25d0-4c28-bcf0-f092fdcd4a0d___JR_HL-7685.JPG,7
b1760f24-1c79-4fe6-a26b-b9f5ba7aa1fc___JR_HL-7684.JPG,7
c8337e7c-809b-4038-98c6-3144d1838c59___JR_HL-7686.JPG,7
d59b12cf-2ef3-428a-b135-ce301f482f73___JR_HL-7681.JPG,7
fcc91cef-9892-4eb2-a3f0-36bdc4e11f59___JR_HL-7687.JPG,7
01fbd010-0cc1-4c48-98bc-49e328bf9bbc___JR_HL-8584.JPG,7
df99e967-62ec-4d50-991f-c0dd948d0cf0___JR_HL-8586.JPG,7
344a9b3a-0748-4fb0-9622-83be2ebfccf1___JR_HL-8574.JPG,7
5c7dc582-9234-4b2b-88d8-0ece8dd19a80___JR_HL-8585.JPG,7
72c50697-b546-4737-a9bc-e14d1d6f71cd___JR_HL-8575.JPG,7
1108e95a-921f-4657-9f12-3491ef06fd7e___JR_HL-8576.JPG,7
cc953a5e-f81b-4224-9690-c38ae63281bb___JR_HL-8579.JPG,7
a558bc8d-6d5b-42d0-b9b5-c3cb34d60b54___JR_HL-8583.JPG,7
9cde7a11-a044-4ca6-b1f1-4507b867f915___JR_HL-8580.JPG,7
31d3fd73-b756-4d79-9774-3ddb034f8fd5___JR_HL-8582.JPG,7
9439a69a-66c9-48cc-8030-7ac35a92e2a2___JR_HL-8577.JPG,7
adfb71bc-0635-4828-9036-6cc2027223c6___JR_HL-8588.JPG,7
09c7fa21-c544-4a90-86ec-c56d3996602d___JR_HL-8578.JPG,7
350cc75f-850d-42c3-8312-9cdad63697ab___JR_HL-8587.JPG,7
1179e122-90ec-4849-aa86-3b8610bf7961___JR_HL-8581.JPG,7
2c8dc060-822b-4027-afb0-ed2284ff471b___JR_HL-8800.JPG,7
b57eb9c4-59e7-4fc7-88e4-c9827304d118___JR_HL-8802.JPG,7
83734876-b617-43cb-8407-8831496ac4cf___JR_HL-8796.JPG,7
05f73b75-e898-4752-9c9b-ae745994eb01___JR_HL-8801.JPG,7
a4be7277-1e8b-41b5-ab42-0a75aab76a46___JR_HL-8798.JPG,7
455ad7ef-7e80-469d-87c2-70e4fcf4eaa3___JR_HL-8799.JPG,7
0cc984a1-ea7d-4f97-9967-5ca1be71c932___JR_HL-8803.JPG,7
5d5bbf38-ae12-4229-b6cb-54f0d2583628___JR_HL-8797.JPG,7
b6aa418a-5f53-410a-9621-6c752fbb5317___JR_HL-7787.JPG,7
5576e4e0-56d8-4919-b5c3-dbde06afd143___JR_HL-7800.JPG,7
d0b2d824-78a1-4ddc-985e-f8d2077955d3___JR_HL-7785.JPG,7
b0ea3617-be2a-4294-b547-3e341fbeb545___JR_HL-7786.JPG,7
c277293d-bab5-433b-95d1-591ee60e1bd2___JR_HL-7793.JPG,7
89c4dbbc-4d4c-4074-9eaa-c4f8beafeb14___JR_HL-7796.JPG,7
a029b826-1974-448d-b4f5-6a2edb66f0a3___JR_HL-7792.JPG,7
b353a9e6-cdab-4fb7-9a1f-8f25c14c0137___JR_HL-7795.JPG,7
537b8292-53ec-408a-b761-3026d651ba29___JR_HL-7797.JPG,7
4265d731-d90c-42e8-961d-5784472b4e95___JR_HL-7794.JPG,7
9a477ad1-c362-4a16-baa0-5282e592f12a___JR_HL-7791.JPG,7
89af662a-f923-49c8-b99a-9cdfa4a8ba32___JR_HL-7790.JPG,7
c84c6a2f-a674-4675-901c-84723b014de1___JR_HL-7788.JPG,7
7091bed6-6885-4ab2-8ee4-fa67a8b2f895___JR_HL-7798.JPG,7
f3e7e5bc-bcdc-4dc8-a6cf-86a42df59c7f___JR_HL-7799.JPG,7
d3116654-623a-426d-8afe-76a156977de6___JR_HL-7789.JPG,7
cec3cfff-3d00-46cf-8a8e-b7438ec7901e___JR_HL-7810.JPG,7
558a9812-6f13-4355-a6df-35ef89444b8e___JR_HL-7817.JPG,7
14473c6e-c261-43c0-baac-25bb228ce5d9___JR_HL-7811.JPG,7
d009f25f-266f-4369-b6d1-11e5fea7a08f___JR_HL-7816.JPG,7
ad027bf0-05e5-41c6-8bb0-29b574170790___JR_HL-7815.JPG,7
be7c775f-b1d7-4a56-b815-afac3d69bd9e___JR_HL-7818.JPG,7
e2181b5a-c576-48d9-8e03-ab8a9c6ff952___JR_HL-7812.JPG,7
12e22bb7-46e1-4714-8139-83e3a9bfef07___JR_HL-7813.JPG,7
0367e017-cabb-41e5-9777-79b3c7c9177a___JR_HL-7814.JPG,7
f4accacc-f839-4bc4-b365-4a021c00c944___JR_HL-8833.JPG,7
66df6879-50e4-4aba-8088-7f038a9b7ad1___JR_HL-8831.JPG,7
ccf9bac1-454d-4e0e-b109-7236f285d8a2___JR_HL-8834.JPG,7
1f66bf0a-3af3-4084-ab73-c1e1b8f3dc46___JR_HL-8824.JPG,7
b3b3fd1a-5783-403a-bab2-8567c66fa0df___JR_HL-8827.JPG,7
ed3e2340-08a3-48bd-beee-3ef52f3aadfc___JR_HL-8829.JPG,7
0e05c3e0-7766-4049-b7a8-563b5c028c33___JR_HL-8828.JPG,7
c6b87f19-e8b4-437c-b0c0-13b3038e55be___JR_HL-8830.JPG,7
338ebacf-1cf2-48e7-a69a-708b37f4210b___JR_HL-8821.JPG,7
7a6e3db8-ff01-4fb8-888c-0bda136900c6___JR_HL-8835.JPG,7
0605e8af-6f30-4a88-b8b1-277904ecef7a___JR_HL-8822.JPG,7
b4cb4cb0-ca61-4003-aa27-9918417fae68___JR_HL-8826.JPG,7
1d9f7d60-de05-420d-b620-63d0d1670b76___JR_HL-8837.JPG,7
a5b9156c-ffac-49f0-8b45-2539f6bbca7d___JR_HL-8836.JPG,7
8fc0b784-cf68-4d0c-8634-1d51e9102c18___JR_HL-8823.JPG,7
f4b1affb-3b72-44b5-890c-e7d45ab612b3___JR_HL-8825.JPG,7
c60a1541-bc20-4ab7-9e14-d2ca5e01e14d___JR_HL-8832.JPG,7
c2313033-b139-487e-92c2-86b8c8f91d8e___JR_HL-8902.JPG,7
ee6fd793-b4a9-42d4-8fed-0f4e40040a1d___JR_HL-8365.JPG,7
1bb25702-cb7c-4ff1-9f08-41153553fd58___JR_HL-8364.JPG,7
84a2db83-35aa-48cb-8d75-d8f9e3a5c0b3___JR_HL-8361.JPG,7
683ad8ea-9475-4351-b419-3b2bf6cdc026___JR_HL-8363.JPG,7
bc388512-fc59-4069-bae0-05faca671d1e___JR_HL-8362.JPG,7
90e840e0-3b8c-4100-8340-ef0ed67e5972___JR_HL-8367.JPG,7
9d74f9ff-7c49-4210-93f8-99b2be15aaad___JR_HL-8366.JPG,7
d212a7d8-8b14-4461-8cdd-d946cc366724___JR_HL-8360.JPG,7
8c58fb10-b940-4cef-9fe5-34ea5cb9eb07___JR_HL-7659.JPG,7
46ee2cd9-3312-43de-928e-6b9de2f01e82___JR_HL-7658.JPG,7
9d5afa2f-31ed-4f5b-aba4-f1f9725f97ef___JR_HL-7655.JPG,7
d72e75e1-39d2-47bc-ba9c-e341bd5d7390___JR_HL-7660.JPG,7
5ee3b3d6-51d7-4106-a7be-c194dd0b762a___JR_HL-7656.JPG,7
d2bd1a33-3dfd-4314-b13a-2b53a96453a2___JR_HL-7657.JPG,7
a75f1c24-d102-4283-8033-dade69c87c04___JR_HL-5834.JPG,7
238821ef-0422-4edf-a574-d3df77b42ac5___JR_HL-5835.JPG,7
86ab8e24-ef8e-41a9-b21a-052380f87f61___JR_HL-5830.JPG,7
71c6e89b-d7df-4ae7-87ff-d58fcef032a8___JR_HL-5836.JPG,7
dc7bc940-f9ee-48ae-82da-3e8921e8b298___JR_HL-5831.JPG,7
82ebc085-a804-4b4e-a86b-b495b1e60eb7___JR_HL-5829.JPG,7
a42f5d48-907f-46f8-b802-b5ff3e097866___JR_HL-5833.JPG,7
5f6fca00-3b9a-4f8d-bc53-36ada4085c0a___JR_HL-5832.JPG,7
610972ab-5241-4d67-834f-60d8258c93d8___JR_HL-7713.JPG,7
dfe76f2d-7086-4c4c-9f6c-a6af6b666dee___JR_HL-7714.JPG,7
b3f3c64e-d3f1-42e9-9c6f-51ab8ab36a4d___JR_HL-7717.JPG,7
ae016efb-ee4a-457c-8e91-788ddbbdaee4___JR_HL-7715.JPG,7
133ea7c6-4494-4b6c-915b-ef09b1aacb2e___JR_HL-7712.JPG,7
9993c341-5a73-4ad2-ae78-2ea7d3c1ccf7___JR_HL-7710.JPG,7
68400266-7c53-4634-9c25-df95c062e201___JR_HL-7716.JPG,7
5af94784-1208-4c66-b95d-5743128bde63___JR_HL-7711.JPG,7
32aa6f21-cdb9-41a8-8135-cd07c9341b25___JR_HL-5961.JPG,7
6e9949e7-6036-4db1-a3a7-e9b78097146f___JR_HL-5964.JPG,7
3b8c55fd-ddd6-4ab6-94e8-3be93b1728eb___JR_HL-5963.JPG,7
ea4a18b9-2f82-44eb-b5ca-955b3f2bf92d___JR_HL-5958.JPG,7
e2157d7b-cb1c-417a-8db6-679a20872be4___JR_HL-5960.JPG,7
f33fb36e-18f9-4b55-a03c-c896e5c23186___JR_HL-5962.JPG,7
d15d99e1-1f77-4c74-ae6a-4db663e00f39___JR_HL-5959.JPG,7
55378a01-da83-4596-8343-8ca679c81c90___JR_HL-7573.JPG,7
a3625d3c-77a8-4013-8aa8-926f2b19e23c___JR_HL-7569.JPG,7
1c159479-4972-41d3-a6ff-fbdb648d72c2___JR_HL-7575.JPG,7
fbe21117-1f7e-4681-9e8c-e1741c8878dc___JR_HL-7574.JPG,7
7541f271-f44a-4c7c-9602-b64149e9fa2a___JR_HL-7571.JPG,7
b6d08201-b4f8-48e9-9c58-72b5675e50b8___JR_HL-7576.JPG,7
5c8400ba-6824-4c5d-ba27-c92d521c1117___JR_HL-7568.JPG,7
cc84d4e4-7e4e-499f-98b9-0987295b45cf___JR_HL-7572.JPG,7
8f22c1c0-6cbe-4fa3-9fe1-2752685622d1___JR_HL-7570.JPG,7
206fc5a6-80c8-4e7f-8673-2a80b4593b76___JR_HL-8170.JPG,7
ebf34e5a-adb5-4cef-b916-793f09b7314b___JR_HL-8171.JPG,7
1e4bbf82-e2dd-48b2-b9fc-024c20bcdc7b___JR_HL-8172.JPG,7
206df1c4-53c0-4678-9d2a-61f431aa7e73___JR_HL-8168.JPG,7
f63db177-4ffc-421f-b164-48f6a22dd14a___JR_HL-8169.JPG,7
18f75aea-62fb-4c71-998a-ff62d078ab21___JR_HL-8174.JPG,7
ab24c144-5ee4-4f56-b67c-1fc25475dfe0___JR_HL-8173.JPG,7
94554db5-6be3-4de7-955a-57c02cf3fb78___JR_HL-8175.JPG,7
c03b9066-4feb-42f2-afa5-05918d7de56e___JR_HL-8167.JPG,7
f460de9c-14ab-4bac-8cb6-b25c958ae78f___JR_HL-8596.JPG,7
e01d5bf1-6186-4e22-ade1-11a68d8a03ef___JR_HL-8593.JPG,7
3e3596ca-16dd-4ccb-883d-0b777fd7a645___JR_HL-8592.JPG,7
bdba3ee1-95a1-45b8-9c31-21add45a86aa___JR_HL-8594.JPG,7
5a6ed509-461a-4ad4-bf52-fe967df0fc09___JR_HL-8598.JPG,7
432a3897-5e80-45d6-b795-4fa206a58e26___JR_HL-8595.JPG,7
016c8a9f-8eab-41b2-bb4b-0eb6ed0b2a7d___JR_HL-8591.JPG,7
1b2c7e1e-2f0a-4e74-9932-d26118020ffc___JR_HL-8590.JPG,7
b88c6948-f061-45ac-9039-ea762f12e8a5___JR_HL-8597.JPG,7
0f56ffda-5d57-4a61-8f7f-37f22a02520a___JR_HL-8589.JPG,7
d4b0bcdd-7d56-4a4c-99f1-a4383bdda089___JR_HL-7557.JPG,7
39dc2c23-1b45-427f-8ad1-0ff66ae887b9___JR_HL-7559.JPG,7
cac7a135-d3d1-4151-baa6-8288c6903423___JR_HL-7556.JPG,7
5ff24f92-0f5c-4702-b467-e4010a88ae54___JR_HL-7560.JPG,7
5853d9df-3ee8-492e-b6c6-ecffa0627b36___JR_HL-7558.JPG,7
7c95b0e8-b8df-4312-aca8-51d4731e7c1e___JR_HL-8899.JPG,7
7c482062-5c2b-423e-a244-9aca359f1131___JR_HL-8895.JPG,7
3350cc79-a559-4204-aade-92eb31916006___JR_HL-8901.JPG,7
452dd2b2-6d8e-46d5-a791-6e693fd9354b___JR_HL-8887.JPG,7
fef2be54-15b6-43ad-9d5e-7c30aebc0805___JR_HL-8892.JPG,7
0e1942a4-91d7-460a-8189-1a4e693cfc84___JR_HL-8896.JPG,7
d93780fa-76b4-46ff-b182-36fe7181e2b3___JR_HL-8894.JPG,7
f9ac8fd3-552c-4ae4-a71a-8fe295c3d118___JR_HL-8891.JPG,7
c5572d69-6c3d-4f35-92d8-7472f9fd8e1f___JR_HL-8900.JPG,7
f064af9b-a2db-499b-9731-a4078a10bf6a___JR_HL-8898.JPG,7
c0ecb719-fde8-4003-98bd-b82c6162a5b2___JR_HL-8893.JPG,7
28cb1970-1ca2-452a-ace6-cd98f1aeb57c___JR_HL-8886.JPG,7
5bb2ecb4-acf6-464c-a62e-c76a110fe22c___JR_HL-8890.JPG,7
bd2ca97a-465c-4f10-a561-8b0cbdb77db3___JR_HL-8897.JPG,7
47299b1d-0dbc-4ecd-80c3-3c0561ad48d3___JR_HL-8889.JPG,7
fb4468f7-1a89-496a-8953-32edb1ff775a___JR_HL-8888.JPG,7
97cecbac-8471-4dca-b022-05819d2eed35___JR_HL-8885.JPG,7
abc2d827-8c14-4a55-90d0-101d05624c5d___JR_HL-7839.JPG,7
e6e6e606-abe8-40b0-b57a-fa5b5ce969b0___JR_HL-7835.JPG,7
2608d280-4972-4d30-9aba-23eec0f149f3___JR_HL-7841.JPG,7
5eb3b605-abc6-472a-a8bb-11c6533f2306___JR_HL-7840.JPG,7
12e9c594-51a9-4be4-b607-1eef80c14dbf___JR_HL-7830.JPG,7
3959822d-97f0-4fff-8272-43e8471aaf60___JR_HL-7832.JPG,7
99fc2c08-25c4-47a6-9e0f-a7b8c4f3e683___JR_HL-7831.JPG,7
126ffc98-0b54-4c66-a827-8bd4b7153259___JR_HL-7833.JPG,7
4ea8bfc8-c0fb-4206-9630-171c91cd7bb3___JR_HL-7838.JPG,7
1617abfd-fc69-49b8-b985-06bfec65e2d1___JR_HL-7837.JPG,7
ad2754e3-301a-48ea-af0a-8d7a1f25bb49___JR_HL-7829.JPG,7
16174ce2-0949-43ee-b6c0-acd016ff2aca___JR_HL-7836.JPG,7
8a5290cd-4306-4c63-bdd6-3249f7b4c38d___JR_HL-7834.JPG,7
10e9f67f-8f2f-4bec-a20a-62d032cc3414___JR_HL-7808.JPG,7
c9e45b8e-1c71-4c65-b6dd-cc2a96d88f18___JR_HL-7809.JPG,7
2f305bea-28f3-4f9d-8338-b2370ccd8da8___JR_HL-7806.JPG,7
70ca0253-15fc-4525-8a78-65c813bd2992___JR_HL-7807.JPG,7
dcbbd3f6-1854-45fd-abac-bc77a4e46e4e___JR_HL-7803.JPG,7
2260546d-20e8-4602-b7cf-a42f21492ae3___JR_HL-7805.JPG,7
6189bc8c-6309-4692-8fa2-efe95f3c27d1___JR_HL-7802.JPG,7
b3025d7b-862b-4ec3-9724-982a12e305e5___JR_HL-7804.JPG,7
5e23e898-736e-4b4a-adc8-4a6439e7d491___JR_HL-7801.JPG,7
ea84c71c-2ed3-44d2-9577-6e08131d6c6d___JR_HL-8200.JPG,7
6ede0514-f306-48fd-ba90-efb0ac8f28dd___JR_HL-8195.JPG,7
c850904d-59ff-4125-998d-4fdd8fa83d56___JR_HL-8193.JPG,7
f24f1078-123e-4c89-bba8-2e1f7cf264bb___JR_HL-8196.JPG,7
8ad15a2e-9a13-4a7d-ad6e-8c196d65e81c___JR_HL-8194.JPG,7
554f30b2-e922-480b-81f2-646858da2dfe___JR_HL-8199.JPG,7
a4980e0e-157e-4ad9-9cd8-ad3f37e9b8ca___JR_HL-8197.JPG,7
8da449fa-7fa0-4be4-80d0-e86713eb8e7a___JR_HL-8198.JPG,7
c02c082f-9827-4362-be48-e34c12c9d084___JR_HL-8334.JPG,7
36a22116-062b-462c-9fed-37e5d2e4bc8b___JR_HL-8338.JPG,7
735e7dff-5438-4c3f-be1a-129882228f64___JR_HL-8336.JPG,7
d270bd0e-c248-4bbd-8aa8-fd4a13351772___JR_HL-8346.JPG,7
fd5e2303-c2d1-464e-ac93-8e1c357906bb___JR_HL-8342.JPG,7
fc896bf4-d52b-494e-ae5f-ab18d00f2cd7___JR_HL-8343.JPG,7
539a80a0-ec5a-4cb7-9f97-fb2f4bf18795___JR_HL-8344.JPG,7
25586e4c-0cba-4db9-8bab-4a6353f097e9___JR_HL-8335.JPG,7
d91c3b56-5777-46cb-bda2-1fca87e5cd82___JR_HL-8339.JPG,7
1ce80571-2358-4616-b04a-14bbdfd2af6b___JR_HL-8340.JPG,7
193e6efe-152b-41ed-b77f-4b9268342162___JR_HL-8341.JPG,7
ee42aa43-86bf-418d-8716-3cc8c710a0b3___JR_HL-8337.JPG,7
0bb97c36-159d-4ee2-8b06-1fbf3f533af5___JR_HL-8345.JPG,7
f41608e8-d125-4af9-b9d4-4ef1c97ceb88___JR_HL-7672.JPG,7
38564aaf-7804-4360-b723-a37342660aa1___JR_HL-7670.JPG,7
8eedd5d7-c85b-4f55-b7f8-48cfbd80f2f6___JR_HL-7674.JPG,7
cebc8525-5beb-45d4-b42b-2e3b3f4fa59e___JR_HL-7673.JPG,7
53c75151-452a-45ac-910c-1b389a78a9a3___JR_HL-7669.JPG,7
8df9ced4-88b2-496e-8988-b82f7e94c103___JR_HL-7671.JPG,7
4855c282-3d4b-4bd7-a1c5-81461ad75e9d___JR_HL-7675.JPG,7
6b3bf816-2c6b-4a71-93a3-9815bea001a6___JR_HL-7935.JPG,7
9d3315cd-67a3-42be-8002-a3fa5950bbd8___JR_HL-7932.JPG,7
a88c2d89-062f-45bb-9388-4cea9920132b___JR_HL-7939.JPG,7
9f294825-ea53-4dba-b8a7-d1cb9a4fa8c2___JR_HL-7934.JPG,7
7e0a7a50-371a-40f5-9d0a-4402c4ab6e93___JR_HL-7936.JPG,7
8665928b-77f2-483b-88eb-c7c08b3a6bde___JR_HL-7938.JPG,7
433b061f-73ad-430f-9ad8-f6fc4c7577af___JR_HL-7941.JPG,7
f60cdc34-0ab9-4551-ac24-e9e0d5affd6a___JR_HL-7931.JPG,7
9b929dc5-778f-45ee-a872-b66cbf78a9e7___JR_HL-7937.JPG,7
ed98eb62-1955-4542-8850-ff2865c3d521___JR_HL-7940.JPG,7
95e9a8bc-0e29-4afc-b563-9940a633bab5___JR_HL-7933.JPG,7
08881481-53d5-412c-8d65-13c4edc6e3c1___JR_HL-8166.JPG,7
6526a25c-f7ee-42ac-8a8a-d24a0a067218___JR_HL-8161.JPG,7
570d3d5f-0991-4cd0-9c6b-d9f30250891e___JR_HL-8165.JPG,7
ee3ec69a-f2a4-42f2-90e1-121db2f97e42___JR_HL-8164.JPG,7
28e50a98-883a-418d-bbcb-01b8e44a11b5___JR_HL-8160.JPG,7
1dd1b153-8ded-439f-8c9e-c9970c67e642___JR_HL-8163.JPG,7
3bf92c1d-5e79-4c88-98b1-3fdfea7645a6___JR_HL-8162.JPG,7
0984b7ed-2a64-40fe-b0fa-ff440b0fc8e4___JR_HL-8600.JPG,7
1ed45244-4767-4607-a59e-61342e8f4750___JR_HL-8601.JPG,7
ddbae87c-2126-40e3-9b72-f851c8b8100d___JR_HL-8599.JPG,7
31394cd0-c576-4d84-9318-63e7a4ee4170___JR_HL-8640.JPG,7
359fd210-bc58-413b-9367-df218023b037___JR_HL-8638.JPG,7
39a9b2a4-a7c6-4735-b605-5ac7600444ea___JR_HL-8641.JPG,7
6833d4e3-96e0-48d1-895a-077fd13da395___JR_HL-8635.JPG,7
8a7ffaaf-90b2-4b24-b381-73ddef49bf80___JR_HL-8639.JPG,7
d7b05154-5e02-41f1-b12a-2d1522c8f306___JR_HL-8636.JPG,7
36391acd-9e10-4c5f-b6fc-3f4ce491dbe7___JR_HL-8637.JPG,7
ebabe289-fbfb-47a1-a8a6-e3ea7fc409d7___JR_HL-8189.JPG,7
eb6f90f8-81d9-4bc0-852d-7777547fe3e7___JR_HL-8190.JPG,7
cdbba6b5-85c8-420c-af58-f5885809f9a3___JR_HL-8192.JPG,7
bab5a3c5-f5e1-448f-b130-5bdaa6a91c79___JR_HL-8188.JPG,7
8622ae63-5380-4a2a-b747-8e7d678c8594___JR_HL-8182.JPG,7
c2bb8562-98b3-4364-87c6-39c80e3d5219___JR_HL-8185.JPG,7
5761a17a-0629-48cc-aa66-ffff745b5adb___JR_HL-8191.JPG,7
aac28257-984b-4663-b70b-0301cda09128___JR_HL-8184.JPG,7
dd87648b-f981-45cc-828c-f4a4634630c9___JR_HL-8186.JPG,7
c37309ec-1a0a-46e2-a777-e9cdae8ab18c___JR_HL-8183.JPG,7
af918bcc-6b43-40c6-b638-7294e3d64b52___JR_HL-8187.JPG,7
d66b5be2-52c2-41f5-bc30-c82b9f4a9bd5___JR_HL-8274.JPG,7
df911e7c-0200-4e05-9076-6c40141bcbab___JR_HL-8273.JPG,7
b39dd01c-b297-4d3f-ad79-c06a488a99cd___JR_HL-8268.JPG,7
a6df86ad-1d11-43f3-9a71-7aa4a9c35b8b___JR_HL-8272.JPG,7
a28aff2c-263a-4bb1-b858-3ca8eea1774c___JR_HL-8269.JPG,7
d8a79539-88dc-45a9-9b42-90511c8e79e0___JR_HL-8270.JPG,7
49b4fd49-ffc0-40c3-ad76-452b933d58c7___JR_HL-8267.JPG,7
7396426f-841d-48c1-ab42-7b2578d098ee___JR_HL-8271.JPG,7
19f9585d-868d-42e8-9d63-cae9fe345bd4___JR_HL-5839.JPG,7
74757941-c844-4b45-9eb5-b8cf04cb779d___JR_HL-5842.JPG,7
f17c87e8-fd78-48a9-8501-1b6283b14c3c___JR_HL-5841.JPG,7
8568ef1d-e8b7-4a15-b0cf-39800013e611___JR_HL-5840.JPG,7
9b3b71d1-ad33-4512-8dd2-a7277ef83588___JR_HL-5843.JPG,7
89746044-25ed-4cea-8c29-82b26b20d8ae___JR_HL-5837.JPG,7
f2a76242-f4e8-416a-9080-7eb1064ca6c4___JR_HL-5838.JPG,7
d85bb844-caf7-4858-93e8-74becbd7dbd8___JR_HL-5926.JPG,7
6beaecfa-1194-470b-9004-fe2eaf8df406___JR_HL-5923.JPG,7
60e7a859-d177-4fcb-aec8-352d2eab0791___JR_HL-5922.JPG,7
dc16830f-b977-49cc-808b-9b1432a047a2___JR_HL-5925.JPG,7
64cb0648-5140-4812-90bf-467ea19f8957___JR_HL-5921.JPG,7
3564ffeb-efdb-41c5-b0c0-bc4ff12fbbbc___JR_HL-5924.JPG,7
3290a3a9-07b9-40a0-948b-3c346ee4e202___JR_HL-5920.JPG,7
447aa7fa-b251-4687-a25d-bf314eaf3f7e___JR_HL-8063.JPG,7
2b0eaba8-5c38-4eb2-8629-7b967cfd2b20___JR_HL-8062.JPG,7
db57594f-4114-4312-a817-7f5fe70ac5ca___JR_HL-8066.JPG,7
c3449e24-b627-4a73-8e1a-ada5aeb1765d___JR_HL-8070.JPG,7
a0e415ac-6532-4648-ac52-3cb0c8c544ed___JR_HL-8071.JPG,7
62e8e7b2-77ea-47b5-9148-18e5fc79dbe9___JR_HL-8060.JPG,7
8b0c55d7-2d4b-447f-a788-05f18b781b86___JR_HL-8064.JPG,7
002f87b7-e1a5-49e5-a422-bb423630ded5___JR_HL-8068.JPG,7
023563f1-a71a-433d-aefc-d6c7aef8e9eb___JR_HL-8067.JPG,7
6120353a-2ee2-46d3-80f1-6535ddfe7aab___JR_HL-8073.JPG,7
9c0a3de2-df5e-481c-be10-41dd9ce1ab54___JR_HL-8069.JPG,7
2d909414-0496-462b-b972-0ae16ee8f1e9___JR_HL-8061.JPG,7
d72022b9-78bc-496c-900d-f716012c047b___JR_HL-8072.JPG,7
98f8fdef-3368-4261-a974-8bdb5103ff51___JR_HL-8065.JPG,7
8a3c1599-aee5-477c-b693-e1ccd68343c4___JR_HL-8644.JPG,7
296be9fb-0c43-48a4-9d05-8d906fee9c16___JR_HL-8643.JPG,7
8dfad1c7-cec1-4d8d-99c6-e7504965b1f8___JR_HL-8642.JPG,7
eda72409-f9cd-4668-9267-42d8079a4892___JR_HL-8647.JPG,7
6bc90016-1508-43ff-8b1e-c2013f236337___JR_HL-8645.JPG,7
77e54e8d-590d-4f33-9993-838b7a3882b3___JR_HL-8646.JPG,7
af86218b-d013-4cf3-93ac-d4d57b769f84___JR_HL-8440.JPG,7
cf940691-feea-41e4-95e6-9eb77af713d4___JR_HL-8439.JPG,7
222ebf99-5fb4-4393-bd5c-03a05f7fb7a5___JR_HL-8441.JPG,7
927fa6d6-6d56-4035-af12-a915a50d86a2___JR_HL-8445.JPG,7
f5f92be6-d496-44b5-aab7-7b372758a92c___JR_HL-8444.JPG,7
f17e7ab8-61bb-452b-9e15-5113e2792f78___JR_HL-8442.JPG,7
4696cbe7-0515-4dbf-a3f6-067d6358816f___JR_HL-8443.JPG,7
13e593a4-59cf-4271-be0e-e2761634015d___JR_HL-8414.JPG,7
79fb9f7d-f4e1-4e0e-9968-b2e3ab9f8953___JR_HL-8409.JPG,7
9b2cfd07-d31c-4bc5-b055-dbb36090a4b1___JR_HL-8411.JPG,7
32c5b4b4-9380-4ea6-90fb-099e569c7390___JR_HL-8413.JPG,7
faac0cc4-4c25-4962-9a6d-6203a1b02af3___JR_HL-8415.JPG,7
6d6030a6-2370-449b-b9d4-92ac1630513f___JR_HL-8418.JPG,7
721628fb-84f1-409f-b03d-f527a8b90ac6___JR_HL-8417.JPG,7
65a980aa-10ce-481d-bf3d-bded4601422f___JR_HL-8412.JPG,7
b355fbff-bc2c-4266-be05-f6266692c1dd___JR_HL-8410.JPG,7
ddf09dc7-034d-45c1-9a55-c8e09f87e5ed___JR_HL-8416.JPG,7
f822e8d5-6cb7-40ad-a6ce-b92105e7ce03___JR_HL-7905.JPG,7
90e48fa5-fa6d-4408-84db-cc5a53315b1f___JR_HL-7902.JPG,7
201b2034-913f-42ba-9603-07f5a9319941___JR_HL-7904.JPG,7
eb92da7b-8c89-4353-958c-960fd5917d9f___JR_HL-7900.JPG,7
4ab14ef2-ad45-4df6-87ce-1ffd11ad5543___JR_HL-7899.JPG,7
7ec579ba-10b2-473e-825f-8a4254d98ded___JR_HL-7901.JPG,7
d00322d6-55cb-43fb-9685-927c6939736b___JR_HL-7903.JPG,7
4afe528f-0d52-41ba-8fe5-009b3548858c___JR_HL-7898.JPG,7
d981e524-b82f-4e06-911f-01964192e36f___JR_HL-5914.JPG,7
8e6e9efb-4150-491b-a60e-bee4024d6791___JR_HL-5919.JPG,7
858475a8-dc6d-432d-862a-1a982f482c8e___JR_HL-5912.JPG,7
df7005ca-2252-470b-aba5-e1eb43bb468e___JR_HL-5916.JPG,7
e2a992f0-25ae-4519-89b6-9b23a4635eed___JR_HL-5917.JPG,7
82a4db4b-9693-4c90-8ca5-cd8e0bd98601___JR_HL-5918.JPG,7
18570bd8-1b60-4773-b618-ef34fe3f602f___JR_HL-5915.JPG,7
9afc1466-639b-4652-ac11-5ae5278922fc___JR_HL-5913.JPG,7
55051c53-aa0b-4984-85ca-e3c3fcf75e70___JR_HL-7661.JPG,7
790190eb-abc0-4fbf-9a49-a3ae0c09cb09___JR_HL-7663.JPG,7
e4556f75-9a3d-4335-97de-c29d70383d57___JR_HL-7668.JPG,7
493523c6-c658-4c8f-bc8c-0ac673d396c7___JR_HL-7662.JPG,7
cfdcaf03-185a-4d36-9bd6-3256171b7c75___JR_HL-7667.JPG,7
51e49986-3954-472f-8504-a95452b0fc88___JR_HL-7666.JPG,7
765e13bf-860c-49d8-8f5a-1ea1847a4dc5___JR_HL-7664.JPG,7
f298f2b7-b63a-4e66-886e-fc14bb42bff9___JR_HL-7665.JPG,7
a9a683f3-e87f-4cd9-8930-65a8c13b519b___JR_HL-7889.JPG,7
084a1485-7006-4277-bd4f-5b9e766cfd24___JR_HL-7892.JPG,7
279a5c86-76d2-4c9d-9293-9ce666ced419___JR_HL-7893.JPG,7
800754f1-f625-4a1e-9302-a7db5b5869a8___JR_HL-7895.JPG,7
46e9256c-6590-4ad9-b6d3-c0c140ab0bd3___JR_HL-7887.JPG,7
c8ee158a-2717-486e-af9d-a0dd604da62b___JR_HL-7897.JPG,7
4e9af7bf-96f5-4973-8470-0db94ef8e375___JR_HL-7896.JPG,7
6363ccfb-72d7-4b33-8188-f58cb15cf6cc___JR_HL-7890.JPG,7
f02b5ae2-2313-481b-8347-09459952aada___JR_HL-7894.JPG,7
974b8791-d05c-42cf-91bf-4bd0684ecc28___JR_HL-7891.JPG,7
fc752432-5525-4b28-987c-d8455d5d6f16___JR_HL-7888.JPG,7
9e491fe1-571a-4296-bfca-a8d85b51dcf6___JR_HL-8524.JPG,7
e64cc93e-5968-4cec-9ded-9dd9c0ae4ae1___JR_HL-8518.JPG,7
767e7fa6-726c-4621-aa4a-6024824a1528___JR_HL-8519.JPG,7
921b966f-3d23-4036-bfbb-cba500aeca08___JR_HL-8523.JPG,7
db858b36-753d-4f62-903b-07cbc2f59b15___JR_HL-8522.JPG,7
6ec06fd0-c4c6-4c8d-88f7-b2ff9a2b87c1___JR_HL-8521.JPG,7
89f02e71-8eef-4356-8ca1-a72eadc9afb3___JR_HL-8520.JPG,7
18f48dd2-09d3-4feb-ae1e-f2b854444243___JR_HL-5966.JPG,7
9e17a7df-6284-467f-b223-33b0d06d0a81___JR_HL-5973.JPG,7
64515548-7446-4e85-b562-ec1f01acab15___JR_HL-5967.JPG,7
5b415704-c5f6-4d94-9ab9-29340b7a3b8f___JR_HL-5971.JPG,7
1bd09026-a26c-46be-b5ec-850a287c6cb5___JR_HL-5972.JPG,7
7fddbc3d-a9aa-4fb8-8dd6-321891a00c75___JR_HL-5969.JPG,7
763f79d6-2b20-479c-9237-8b69c60482fe___JR_HL-5968.JPG,7
828383ff-b79a-4c9d-9b24-87b8e6c73bfe___JR_HL-5965.JPG,7
4d525b16-48dc-40af-9721-024f002d5929___JR_HL-5970.JPG,7
ec7ed2b4-40e4-4b95-8728-70472c7fc459___JR_HL-8723.JPG,7
2d34f331-50b9-4d90-851c-4b0d2ebc4f31___JR_HL-8724.JPG,7
03396fd1-be05-40a7-81b2-67000e77d479___JR_HL-8721.JPG,7
2152dee6-2fd6-48a8-9e3a-a4189484dd12___JR_HL-8720.JPG,7
261f9a0f-eccc-41fb-be35-cabed2531059___JR_HL-8722.JPG,7
f790b881-1d8d-4455-acbb-07c876ceb766___JR_HL-8426.JPG,7
de357e36-5be1-4e18-a590-77436b295089___JR_HL-8430.JPG,7
b08cb3cc-a9b8-43ec-9966-39b8a6e1a0af___JR_HL-8423.JPG,7
36601aca-8bb5-4a68-91a5-4d11641250e0___JR_HL-8419.JPG,7
639dec07-c685-42bd-8be0-f4c31eefc26a___JR_HL-8420.JPG,7
cc799066-155d-4d7d-9229-93db4e6be216___JR_HL-8421.JPG,7
f8fa9424-843e-4639-9b06-c8da74a4d52b___JR_HL-8425.JPG,7
4a4478b6-4d10-4973-b884-548ff3e1b444___JR_HL-8428.JPG,7
7da94264-f28b-4db8-8476-6fb2a0961e39___JR_HL-8427.JPG,7
529dc793-fa77-4aab-90af-1c61539f9aee___JR_HL-8429.JPG,7
ac622215-8fc3-4ee8-82d5-f07620016c84___JR_HL-8424.JPG,7
21d172cd-9cac-4bad-bdcb-4f72eb265f5a___JR_HL-8422.JPG,7
206708e1-3916-4b23-890c-eb77d3b23728___JR_HL-8431.JPG,7
f4c9f089-0129-4aee-968a-d3348b5a2145___JR_HL-7647.JPG,7
55e00e04-c002-48cb-b163-a7b0826e3106___JR_HL-7649.JPG,7
87000a42-0484-45ed-96c1-14b6fa9895e5___JR_HL-7650.JPG,7
c1d35110-f0c3-49b6-a570-a3f69f41e857___JR_HL-7652.JPG,7
de022e24-cd3f-4bf0-a009-85ee86f75bb6___JR_HL-7651.JPG,7
d59ef8c1-e6e7-44ea-8ada-36431c44c3c6___JR_HL-7648.JPG,7
2d71f791-64fd-4f1a-97f6-812780014edd___JR_HL-7653.JPG,7
47f970d9-b71c-47e0-b4f0-8283a0fa8ae7___JR_HL-7654.JPG,7
7bb213e0-2c58-43dc-9fb2-7c90474887eb___JR_HL-8689.JPG,7
9d62abba-a162-4bba-8b4d-da33a01a4347___JR_HL-8687.JPG,7
681d3ccb-7653-4f08-a483-f80e3d7724df___JR_HL-8688.JPG,7
885b1f2e-0a3e-4fe1-88b0-7e20b229bf00___JR_HL-5828.JPG,7
97aa4cc0-0824-4b75-b365-dc2d63116c55___JR_HL-5825.JPG,7
cfbbeb79-9aba-4011-ba99-470509286459___JR_HL-5826.JPG,7
45b8562f-264b-4cc0-b108-83fcfb301adb___JR_HL-5822.JPG,7
2f070e21-3a24-435f-9122-10fb62f44c16___JR_HL-5824.JPG,7
03138bf7-1441-4df8-88a2-7e71b84f6bf0___JR_HL-5823.JPG,7
ca892e94-6f92-4676-bf0c-a81ee6eb8997___JR_HL-5827.JPG,7
a4c24951-a967-469c-8d14-0d2dc25cfc9d___JR_HL-5821.JPG,7
ded136b7-be9e-4aad-9150-5318d6002a59___JR_HL-5856.JPG,7
fea2ddd5-6359-470f-a885-a38bd304562e___JR_HL-5859.JPG,7
10e47847-d257-47a1-afdc-074e22c758d7___JR_HL-5857.JPG,7
bde06fef-b8e8-445f-a180-376219cee0bb___JR_HL-5858.JPG,7
a146fbd3-c5c4-4de5-96e0-95a3163fb95a___JR_HL-5860.JPG,7
1df9cbc2-e14f-4cf8-8ce0-fead77aad080___JR_HL-5855.JPG,7
08203033-de6c-41fc-b5d2-ea5d3ac9da4f___JR_HL-5854.JPG,7
707da75e-4924-4033-b141-e8a391f39741___JR_HL-5853.JPG,7
b9857b11-defc-472d-9775-95be585284f8___JR_HL-7707.JPG,7
2492565a-7851-43ab-a1c2-41b3e0117b4a___JR_HL-7701.JPG,7
83368e06-d46a-4f4b-972a-99b3a8db8963___JR_HL-7705.JPG,7
2a510a2e-0e15-4ee3-9a66-a7bc27710c91___JR_HL-7704.JPG,7
634425ba-0f38-4bdc-a19e-3710c32072fc___JR_HL-7702.JPG,7
ae7d5e8e-5713-4eb8-b1e5-1ff3d2dba0a0___JR_HL-7708.JPG,7
6a6a7f87-4efb-43c7-ae36-1f9db31246f2___JR_HL-7703.JPG,7
7cad85ff-b760-4440-b81e-e25fec79afbd___JR_HL-7709.JPG,7
498c3933-65ca-487e-91d1-35c715d281f2___JR_HL-7706.JPG,7
960bf6d1-8b62-42d4-adad-76780adf8637___JR_HL-8022.JPG,7
d42c38ac-661e-4af1-8352-0a1fd5c56cd7___JR_HL-8019.JPG,7
2f2aa4d8-cb43-4745-8cac-7560829ba950___JR_HL-8020.JPG,7
0eeb924f-88db-44e6-a278-e016fa2d25a4___JR_HL-8016.JPG,7
e0333fd4-c11b-40f0-ab25-77de17fe3f0f___JR_HL-8018.JPG,7
d221a778-23fd-4c43-b02f-aee1bff4d828___JR_HL-8021.JPG,7
c8c24f99-957d-4711-92b5-37520cabb5d3___JR_HL-8023.JPG,7
9e0133d9-bd97-40cc-8968-c786c229c6bb___JR_HL-8017.JPG,7
ed406606-b59d-4a80-8184-ae8ecfda15af___JR_HL-8618.JPG,7
88bf85cd-2b1a-46e1-a809-9a1180dfe571___JR_HL-8617.JPG,7
6e418c92-e6e2-46c9-b1fb-96f3e87c2bb2___JR_HL-8616.JPG,7
96c6b91d-dbd3-4c64-8280-30e72cad1bff___JR_HL-8619.JPG,7
882f3f71-6ff3-42ce-9aa1-bad47c7b18f3___JR_HL-8615.JPG,7
6a3603ae-fc95-48ee-968f-2afcca4a1a6a___JR_HL-7979.JPG,7
fcfdcab4-7a88-4974-b7db-b7facb320b56___JR_HL-7974.JPG,7
78f06e4b-4bfa-4b29-bdbd-56fde223ff4e___JR_HL-7976.JPG,7
82ff4b81-612a-4d2b-819e-a45353fa0379___JR_HL-7980.JPG,7
fb916ecd-183f-4caa-8daf-fb9d83f43e88___JR_HL-7972.JPG,7
3502c57a-2c09-45e7-9cb6-96dd57f301a1___JR_HL-7981.JPG,7
a92010a4-4148-40ca-bb7a-c7ae46df4d12___JR_HL-7982.JPG,7
2602f312-da1f-47eb-9c50-dcd4cba09d7d___JR_HL-7975.JPG,7
b55201b6-d9bd-4e4d-ac0b-ed104baa8038___JR_HL-7977.JPG,7
5fb4892e-0745-4492-b26c-74508c60cb28___JR_HL-7973.JPG,7
06ae69f3-53f7-4ad8-b6b0-185dd26b2fc0___JR_HL-7971.JPG,7
540efd70-a3a8-4c12-8414-a8825c6c6ae6___JR_HL-7978.JPG,7
650a5f9b-7a57-46fd-a18a-844bb03bdf80___JR_HL-6013.JPG,7
efb220da-f27d-4619-b2c0-d1242dde2933___JR_HL-6011.JPG,7
98751541-10c2-40f7-8ba4-fb200d8521ee___JR_HL-6008.JPG,7
38a78908-7a67-47ac-9f08-43cdd3f17fc8___JR_HL-6010.JPG,7
53c14233-6e5f-4775-acfe-212000c81ffa___JR_HL-6009.JPG,7
6efaa51e-89fd-46f6-9db7-82d11f76c00b___JR_HL-6006.JPG,7
f025d161-089c-49e4-8f42-ca979e430977___JR_HL-6012.JPG,7
4ebbed7f-321d-45e8-839e-b1af56445be5___JR_HL-6007.JPG,7
cb1e200a-8358-4f5a-a4a8-714edcc7df01___JR_HL-8123.JPG,7
f6202c30-deb0-498d-8e49-44b012204547___JR_HL-8127.JPG,7
83ad5dd2-dd87-4623-9a9a-e6d4852010fa___JR_HL-8126.JPG,7
b72ec90d-3d41-4fac-a96e-5e532de87d9c___JR_HL-8120.JPG,7
8bd3098b-4e5d-49d5-be7e-f32da29c75f0___JR_HL-8125.JPG,7
68a8b022-1f2d-4546-957f-a69aa11f0e39___JR_HL-8122.JPG,7
4e73e705-1163-43fc-ab6b-27207d9d37c6___JR_HL-8124.JPG,7
6f4a6979-a431-409f-9211-cc7a4c643a12___JR_HL-8121.JPG,7
ce7d2ea8-c920-4ab0-a59c-807028c3baa6___JR_HL-8128.JPG,7
6c0c92fd-591b-4ecf-90b0-0eec3513dce3___JR_HL-8788.JPG,7
b441b774-75eb-41ca-b03c-5f9672747a1e___JR_HL-8792.JPG,7
7c8b6274-abca-4531-a84d-5bd56c859ccc___JR_HL-8794.JPG,7
7da6a94b-14ac-4fd8-9a26-33be1c09d411___JR_HL-8789.JPG,7
985f0d8c-db2c-470c-87a2-5d923bc8da7e___JR_HL-8790.JPG,7
94a7acd4-cd80-4d84-a837-0702cb946d52___JR_HL-8795.JPG,7
54bd49ca-07c6-445c-80a7-bc752e945cef___JR_HL-8791.JPG,7
5a91d465-2042-46de-8940-dfde77038e60___JR_HL-8793.JPG,7
1dd236c3-5ff0-4a03-996f-e832b50dff82___JR_HL-8787.JPG,7
6c8f7323-5d71-44d3-8d30-825f91de854a___JR_HL-7577.JPG,7
92885a8f-715f-44f9-a124-f90b4f456b01___JR_HL-7588.JPG,7
62252889-3c0e-46ce-b196-b505e78dc810___JR_HL-7584.JPG,7
cf60c064-02f6-4d1e-afa6-f8a18b1576d5___JR_HL-7582.JPG,7
46c8faee-096a-47c5-94d1-b23c0a68fb56___JR_HL-7587.JPG,7
73f7dbd3-1754-42a6-9a75-aec173402a21___JR_HL-7578.JPG,7
d3fb043a-54e7-400f-83ca-3109f38a5212___JR_HL-7581.JPG,7
03e8ce3f-9bb5-481c-945b-1fa7d5da09e3___JR_HL-7583.JPG,7
a0140b14-8370-4c95-9195-cdb779122dd7___JR_HL-7580.JPG,7
35f2cedd-7967-4ae8-9e69-c86a8cd0c20d___JR_HL-7579.JPG,7
ef91d789-9549-42a6-b48e-7695ccd64a1f___JR_HL-7586.JPG,7
10724f1f-17fb-4443-9878-26e31d97e2d9___JR_HL-7585.JPG,7
53b9167d-744d-460e-b3fe-268a84b3427b___JR_HL-8655.JPG,7
b7d4bf27-7ed1-4ba3-9b4b-8c9a8f19c4ee___JR_HL-8653.JPG,7
7b6f5f09-cea5-4b1c-91c7-18207527c837___JR_HL-8652.JPG,7
4a32a3e1-2c33-4f60-9813-e29ecfd3c546___JR_HL-8650.JPG,7
9bee7e0d-69b8-4282-b182-6084f5977559___JR_HL-8651.JPG,7
1a1a389d-f186-4481-8a5c-b8c6f864ad7f___JR_HL-8649.JPG,7
4b481d99-9c9c-4578-a778-21aef93166f3___JR_HL-8654.JPG,7
24711a2b-ec05-461e-913c-6cc65ec3b87e___JR_HL-8648.JPG,7
d7f13145-ea6d-4e04-9efa-669792d5e056___JR_HL-5980.JPG,7
73ccb724-a75e-4057-aaef-3f83bafcf291___JR_HL-5979.JPG,7
3e75d3f9-4e1b-4f09-94e2-e55a9c4d860e___JR_HL-5978.JPG,7
dc9bcd28-1f28-430c-9f05-9895174a2805___JR_HL-5975.JPG,7
147582b1-0d36-4409-8810-1fd5d4304388___JR_HL-5977.JPG,7
63109480-7b83-4d2f-89e2-96a3307137b2___JR_HL-5976.JPG,7
a4323d53-447d-45df-9733-5bf958108d10___JR_HL-5974.JPG,7
85bf3b78-72e9-4e2a-8f7c-b330b36170ab___JR_HL-5981.JPG,7
0de13a24-e542-45a2-be5a-8db7d8d858db___JR_HL-5982.JPG,7
123ac2dc-8b0f-434f-90fd-90877b005769___JR_HL-7718.JPG,7
179ce71a-c902-4712-9844-d737a9437468___JR_HL-7723.JPG,7
d91405d3-8115-4004-99d3-dcb4c5f8a1d6___JR_HL-7725.JPG,7
f7f3f3a0-1615-49d8-b3fd-f6c47fe60bf2___JR_HL-7721.JPG,7
a1882552-deab-4eaa-8a1f-e175faeb552b___JR_HL-7722.JPG,7
1b71a13e-9f6d-4321-be6e-8a7410b76f0e___JR_HL-7724.JPG,7
0137d804-551d-4f78-88b4-d603056dd7e7___JR_HL-7719.JPG,7
53d6ecba-6d4d-47a5-b5ce-78e2082b1785___JR_HL-7720.JPG,7
b728a334-d2a1-4e22-a6e3-aa60a8fb0ad8___JR_HL-8407.JPG,7
9ab5d910-d9fc-4be3-855a-dd3ae8a15a8d___JR_HL-8403.JPG,7
3bcf009f-b16c-4b7e-83e0-d0859bb10dde___JR_HL-8408.JPG,7
8bd3df6b-9344-49ee-8597-776ba6b54317___JR_HL-8404.JPG,7
636b11a4-ccc6-496a-923e-72f6332a91b1___JR_HL-8405.JPG,7
2f9b8f31-1d11-4559-9899-cfe9f92bcc2c___JR_HL-8406.JPG,7
572d35b1-881d-4d69-b902-58048b9f7b2a___JR_HL-8402.JPG,7
088fa58f-14a5-476b-b0d6-e2a2d8a1dd2a___JR_HL-7643.JPG,7
673a3d34-3bf8-4b65-a5e4-bf1f02a32961___JR_HL-7646.JPG,7
fa421fcb-ba24-4562-bf15-0ba854194d70___JR_HL-7641.JPG,7
b45d62a2-3de1-411b-8f88-ab52195b6dda___JR_HL-7639.JPG,7
e00c6d8e-1363-4e9e-a30f-58c8972b1272___JR_HL-7636.JPG,7
bd73664d-d81e-426a-b25e-569c85869308___JR_HL-7638.JPG,7
fd7c0492-cae1-4ed5-8fbe-114b3d2e1836___JR_HL-7644.JPG,7
fae85a08-cbd5-4dae-9a03-474cd6ab7efe___JR_HL-7645.JPG,7
c6111f5b-213f-4a67-bdda-7bb5af53c637___JR_HL-7637.JPG,7
3cd9a770-3405-44a1-bf8d-9eb6d42bc0be___JR_HL-7642.JPG,7
3e2945ba-7e94-4faa-9877-5133350e8733___JR_HL-7640.JPG,7
6c88680c-ed4b-45ba-a8d0-90d6ee26d618___JR_HL-7925.JPG,7
174172a7-b8c3-4afc-aa95-637c08472656___JR_HL-7923.JPG,7
c874080b-be91-4c77-967f-092f91884297___JR_HL-7919.JPG,7
8e8ad705-85d5-407a-b439-1464cb166e34___JR_HL-7924.JPG,7
d2e09fdd-8ee6-4cd1-8bd4-16124dc16962___JR_HL-7918.JPG,7
843ef0a7-5eed-45b5-98b4-4c2fc94084cf___JR_HL-7922.JPG,7
686e90a1-44b4-4713-8073-2fe867b5884a___JR_HL-7929.JPG,7
78d6d5a4-9e5b-424d-890b-1893a4c4fba4___JR_HL-7930.JPG,7
d84e8e33-74fc-41e7-b5b2-0ffcd609d191___JR_HL-7921.JPG,7
55d17ef7-3f98-47a9-83dd-60c83a38902d___JR_HL-7928.JPG,7
0eb476b9-8b21-4b24-adef-7db813abbca3___JR_HL-7926.JPG,7
fce5fec3-2fc8-4a74-bedf-cd2f55eb3195___JR_HL-7920.JPG,7
88e440d8-6cea-4146-98d9-29c0ade1b88f___JR_HL-7927.JPG,7
c0cc5199-5c3e-4bf1-acb5-3b38d26a3938___JR_HL-8781.JPG,7
ca67e39d-cf11-4660-b629-6654c815ce70___JR_HL-8782.JPG,7
7ef3d9a6-605d-400e-a87c-fcb8877d333b___JR_HL-8779.JPG,7
fcdaf487-38c1-43b8-906e-127185976fe7___JR_HL-8784.JPG,7
9cba3cb9-ae33-4809-b502-aa0611885127___JR_HL-8780.JPG,7
542333a4-cb11-4ee9-ac2a-f512b5d7a023___JR_HL-8783.JPG,7
d6383a68-2f43-42fb-8e69-2685a9fb7711___JR_HL-8785.JPG,7
03a4f6f6-9c17-4310-921b-5dbf97df630a___JR_HL-8571.JPG,7
c7734cb9-7080-41b1-b003-3c39149dd55f___JR_HL-8573.JPG,7
c89a6042-4a65-4a2a-9a44-a8befe23b994___JR_HL-8572.JPG,7
29596d82-86a8-4747-b019-b7bfa6e75ba0___JR_HL-8569.JPG,7
e0d0a755-6ed0-4cf1-b35d-87547f87a17a___JR_HL-8565.JPG,7
26eac7c9-e388-4110-b3c6-aaaebd7b0d8e___JR_HL-8566.JPG,7
c2f95f90-fac7-42e5-b6dd-789f8f2a50d9___JR_HL-8567.JPG,7
b12059e3-404f-441a-9875-4af81aa3bd63___JR_HL-8570.JPG,7
f2bf8b5a-2463-49d7-83cd-097350e3ff20___JR_HL-8568.JPG,7
1be321d5-d2cc-4945-b2f3-a36c41160838___JR_HL-7596.JPG,7
a8b32b31-a011-4c51-958d-5b49381278f7___JR_HL-7601.JPG,7
939d6e91-0bd9-4b1a-a608-5b2bfbd94258___JR_HL-7600.JPG,7
3c9d9b2b-23de-48f6-98cf-cedf3d86359b___JR_HL-7599.JPG,7
2e9037ac-b030-4837-bf2f-56b89c4b66bf___JR_HL-7603.JPG,7
49fe17e3-29c6-4619-9312-290858cb78be___JR_HL-7598.JPG,7
eaac4a8f-7e24-4bfd-96ce-52eb4339772e___JR_HL-7597.JPG,7
87a97810-bd20-4f2f-8a20-1953664f8576___JR_HL-7602.JPG,7
31123ed4-ec77-4c22-8a11-0fa1efbdf2bc___JR_HL-8540.JPG,7
016ed5ad-be29-4e9d-8ae5-069a016b1327___JR_HL-8536.JPG,7
c6dfe386-62c3-464d-8815-2a6c08531d11___JR_HL-8538.JPG,7
fb7d12ae-ac5d-4593-8f17-1f248a6ff331___JR_HL-8539.JPG,7
d301e47d-fdfe-4143-b046-10a7e7c21c09___JR_HL-8537.JPG,7
12020d07-b473-40be-88da-c18062f25667___JR_HL-8541.JPG,7
0e5d9ac1-4de8-491e-ab95-809850866805___JR_HL-8534.JPG,7
a3b07765-0a85-4d9e-937d-c5464c30d0d8___JR_HL-8535.JPG,7
4173faa6-34ef-4759-a763-4102f8f5f2d5___JR_HL-8542.JPG,7
24eb97a4-6671-48dd-96f7-3f2c86e80e21___JR_HL-5928.JPG,7
058832c8-adaa-4353-b792-93c9b0ea1c72___JR_HL-5931.JPG,7
8107009b-3754-4598-902a-5f895dd303cb___JR_HL-5932.JPG,7
1f700218-0a6a-47ad-a7fa-ded709ab4d2a___JR_HL-5930.JPG,7
c9750f1f-48d2-4a19-9acb-dc4c66ac17dd___JR_HL-5927.JPG,7
4960c513-0f3b-49a0-91f7-e54561f5c1f7___JR_HL-5933.JPG,7
322bea7e-a6c3-4c86-99f5-76c2225243cc___JR_HL-5929.JPG,7
665d65b1-d8a4-4c2d-b65f-3410104e4b2e___JR_HL-5934.JPG,7
f61b245c-cfa1-4505-b91b-c318de0c42a7___JR_HL-8625.JPG,7
ca1c9cb1-75e6-4937-85ec-814aaac3bc32___JR_HL-8620.JPG,7
77f29636-f395-4e5e-857e-e76b263f4887___JR_HL-8622.JPG,7
3a66348b-a6b7-42ee-9411-9575a4240c6f___JR_HL-8627.JPG,7
d368d083-8244-490d-8220-7f3327e57e74___JR_HL-8624.JPG,7
8e68dd51-f132-4aed-ad05-1ae0d743d984___JR_HL-8623.JPG,7
9a528ba1-d798-4eef-9d1f-5b09485879c6___JR_HL-8626.JPG,7
9ec19588-69dc-438b-b257-7a987ff403e2___JR_HL-8621.JPG,7
5e986ace-0b0e-4d27-b28c-5836aa4aa7bd___JR_HL-7635.JPG,7
978258d9-3b2f-4368-80aa-3288d2e40b7f___JR_HL-7632.JPG,7
5e1b5fa9-892b-4e60-91f9-4647d6d9574c___JR_HL-7633.JPG,7
1c2515f2-c0a7-455e-bc5d-649037cb6e3e___JR_HL-7634.JPG,7
496bcc16-a0f1-47cb-bf86-db0c959fc0d0___JR_HL-7614.JPG,7
cf7ac9f5-40ce-4d5f-940d-43c2ade2cabc___JR_HL-7612.JPG,7
568a1f4a-c07c-48a5-8ea6-64b48008e85c___JR_HL-7616.JPG,7
eb4aa284-8232-4910-882f-4536effe4e5f___JR_HL-7618.JPG,7
3ede2904-b21a-4b6a-940b-062c21ff71fa___JR_HL-7613.JPG,7
890ec9d5-8497-4984-b149-b29bc683b838___JR_HL-7615.JPG,7
9b9bf01f-e632-4bc9-a903-ba708b15d876___JR_HL-7617.JPG,7
9ae3484d-54c9-431d-ae40-59729ca60af8___JR_HL-8634.JPG,7
a78a9a04-3ff9-44b2-bf18-58d5dc301014___JR_HL-8633.JPG,7
22066048-462c-4d8d-9b42-ef0cd0c632a9___JR_HL-8631.JPG,7
77d77a2e-d24f-42d4-8d37-f36e6571b4f3___JR_HL-8632.JPG,7
e33a35bb-e830-470d-be7e-f21b136ab6bf___JR_HL-5894.JPG,7
a8d0f75a-6f10-44db-b6c4-72f19646167d___JR_HL-5892.JPG,7
97e29df2-816f-4455-8ece-783d40f39de5___JR_HL-5886.JPG,7
14765754-33b2-427b-8583-05d8604384e1___JR_HL-5891.JPG,7
264428d4-7bc0-437e-b4ee-0ee67a742304___JR_HL-5890.JPG,7
d21b4b16-a871-4df5-95f0-f3ae890401c0___JR_HL-5893.JPG,7
56b77f5c-f00a-433e-a9de-3d0e7cc628a6___JR_HL-5887.JPG,7
234945aa-456b-4f88-856c-40ea3dacf0d7___JR_HL-5889.JPG,7
5af6651e-818b-450b-b45a-008fce7096b3___JR_HL-5888.JPG,7
3306b49b-e3b3-4450-8609-ae44ab2b6593___bell-pepper-plant-61726.jpg,7
8485a59c-2014-49e9-bed5-7581cb9fcd84___JR_HL-8319.JPG,7
8b18cc78-f251-4249-a787-52d80a008df2___JR_HL-8322.JPG,7
b81f901d-c870-43fd-b7c7-9b699d10d27e___JR_HL-8316.JPG,7
eecde786-2c9b-4ca9-8d60-7fcdae350fe4___JR_HL-8321.JPG,7
7dbe2d75-e326-40fb-a754-0e04ba468883___JR_HL-8320.JPG,7
dcec6b1e-d2b9-4f53-b10d-9906ab9e2c47___JR_HL-8317.JPG,7
ea518a46-a3d7-4d1c-972c-36a18bf92224___JR_HL-8323.JPG,7
577da019-fd69-4ae3-98eb-59e08cacb9b0___JR_HL-8315.JPG,7
db4bdb10-130e-4705-bcf9-b3e9a38d1869___JR_HL-8318.JPG,7
c0183c29-b09d-42a6-a376-90806c9451a2___JR_HL-8384.JPG,7
4d212bb1-b0dc-46cc-b09c-6fa484bdfc36___JR_HL-8380.JPG,7
b41827b5-6a07-4752-84fc-68a76316185f___JR_HL-8383.JPG,7
d520539e-4958-4a52-8b22-dc7714aa4039___JR_HL-8382.JPG,7
f170473e-77b2-4b80-94bf-9479622bac75___JR_HL-8381.JPG,7
1b4b5b1f-9390-46c5-908a-d53b93059f5d___JR_HL-8379.JPG,7
eacb2473-498d-41f6-9999-01fbd259c058___JR_HL-8376.JPG,7
30f972e1-6b7e-4ec1-bf77-10ceedf095bf___JR_HL-8378.JPG,7
d8e3f7ec-b032-4e15-b593-895d1299cb4f___JR_HL-8377.JPG,7
a04d1272-dcb1-4c5a-8dcd-cd93b4e73d96___JR_HL-8030.JPG,7
f3d4b7d4-cc6d-478e-8255-e653ffe8a79c___JR_HL-8029.JPG,7
0ade14b6-8937-43ea-93eb-98343af6bae7___JR_HL-8026.JPG,7
76709325-888a-4972-b171-b78e3fb2bfe5___JR_HL-8036.JPG,7
48914149-316b-45ec-a6cf-853fa1215244___JR_HL-8025.JPG,7
31dce414-c0de-4355-b10e-953ac45623f0___JR_HL-8034.JPG,7
cbf84b0f-8d48-4c97-ad91-fdda41af905f___JR_HL-8033.JPG,7
c2f8abd1-8015-488a-82b9-de19d8f9abc0___JR_HL-8031.JPG,7
6f8e8792-687d-48b3-8ca7-40a8edf94e67___JR_HL-8024.JPG,7
cddaf3ef-06ec-40ac-b3d1-cd7e0c9a129f___JR_HL-8035.JPG,7
dbadea40-bbdf-48e3-a5ad-7f78d2f335e0___JR_HL-8028.JPG,7
0d4f19fe-9e85-4689-9c99-0b01a58db9f4___JR_HL-8032.JPG,7
e636b023-04af-4ffa-983f-70e2fe7324ff___JR_HL-8027.JPG,7
7f334096-8aa3-48d9-a460-a3406a66da97___JR_HL-8490.JPG,7
da3feeb4-b339-4f86-82fd-ad83ac6636be___JR_HL-8493.JPG,7
7b8ed1cd-a4ed-4808-9c0b-f788103099f0___JR_HL-8494.JPG,7
4785ba47-66fe-42fd-8c51-678b54b23e9d___JR_HL-8495.JPG,7
fa950a7a-dddd-4ae7-9925-a35452e2da4d___JR_HL-8502.JPG,7
1f12962f-8c78-44dd-a2fc-fac013a76475___JR_HL-8489.JPG,7
202621f9-fb34-4eef-a869-4f538de3e881___JR_HL-8496.JPG,7
8c0a54ed-b09f-4be8-9dd1-03819b128db4___JR_HL-8497.JPG,7
878a0875-d39e-483e-829a-dc3d7ff5bd7b___JR_HL-8503.JPG,7
fd1d2f16-9e2e-4c06-98a7-a070c23b5017___JR_HL-8501.JPG,7
aa0275cd-a517-48e3-8454-4d7e3894d46c___JR_HL-8498.JPG,7
de2f3a82-6e1b-4697-882f-1bb01dae700e___JR_HL-8491.JPG,7
a403fb35-6ab4-4e5e-88a6-254a443a74d9___JR_HL-8492.JPG,7
961610a9-e440-4e41-960f-386f1c7cf1ec___JR_HL-8488.JPG,7
99df36d6-159e-45e7-81a3-b706b69e4171___JR_HL-8500.JPG,7
c4bebe6c-9806-4def-8b3b-e6290dd6f14c___JR_HL-8499.JPG,7
f0e93256-3b10-43c9-880e-e041de89502c___JR_HL-5846.JPG,7
f2b739b9-a463-4ee1-96bf-b5cfe6acb66d___JR_HL-5844.JPG,7
6ca296db-0f5c-4002-bbb9-ef4a4d60aea7___JR_HL-5847.JPG,7
3b5f6152-09c6-4458-8e7a-fb0b1ff43ee8___JR_HL-5851.JPG,7
1a482d0c-d3a9-4e79-b412-f2288dc5067f___JR_HL-5852.JPG,7
92688273-9135-48c4-82b1-f4e0a32fafe1___JR_HL-5848.JPG,7
57205d1c-04ed-4af8-a011-8b1beabb8295___JR_HL-5845.JPG,7
1a93f310-cd75-4af6-96d3-690180b4542a___JR_HL-5850.JPG,7
a2664ab8-aca6-4891-9f6f-8cc414d6b231___JR_HL-5849.JPG,7
105552cf-6862-4781-a953-3d11dc7306f5___JR_HL-7949.JPG,7
1d6e01ff-affd-4867-895d-fb82b6b0dce3___JR_HL-7952.JPG,7
986112a4-094e-481a-94e3-9acecb49e28d___JR_HL-7951.JPG,7
9c949d87-f2fb-4b21-9648-69ba51f7a9b9___JR_HL-7948.JPG,7
acd50866-d2cf-4a7c-990c-2fd1f49e9cae___JR_HL-7953.JPG,7
00208a93-7687-4e8c-b79e-3138687e0f38___JR_HL-7955.JPG,7
8d872449-2a19-4a79-b31c-fa08b2688558___JR_HL-7945.JPG,7
8e57033c-b244-409e-8249-f555690fe7de___JR_HL-7954.JPG,7
21cc03be-6e7d-4f5b-bdf5-8f3d8af01f74___JR_HL-7956.JPG,7
8de02bb2-f5ca-478b-b6c6-b488c329da35___JR_HL-7942.JPG,7
a7766fc4-117e-4e48-bc2d-e2639512ad69___JR_HL-7957.JPG,7
8d9192a6-0211-4f07-8b51-5c99e7217f56___JR_HL-7944.JPG,7
3c9b066f-f4c0-4060-8d3b-e303d2262d73___JR_HL-7947.JPG,7
075e9bdc-4921-440b-948d-83f30151317c___JR_HL-7958.JPG,7
35bac1bd-0af2-45ad-a1c0-4b19dc070240___JR_HL-7950.JPG,7
337c9b27-d3a4-4e15-b61d-0ff21f717a45___JR_HL-7943.JPG,7
5821ffc5-d85b-48e3-b268-b0faa9bd9e0e___JR_HL-7946.JPG,7
6d4e398b-a925-4397-9f38-39efef5a2916___JR_HL-8240.JPG,7
c24934a1-721e-4806-ae72-fa6df4cf6ab7___JR_HL-8238.JPG,7
86a0dc7a-8ac2-40c3-af58-2bfa6a6fb0c5___JR_HL-8241.JPG,7
d16ad561-8a05-45ca-a454-812e922eca83___JR_HL-8242.JPG,7
df5a72ad-2928-4bcb-81d8-cfb85a3186a2___JR_HL-8243.JPG,7
8132d8e7-0e12-4509-8a2a-e61540e0f2cf___JR_HL-8244.JPG,7
14a8f40d-e1b2-4d17-8bf1-c16c56f48d4c___JR_HL-8239.JPG,7
2a5fb2e8-b104-438e-9b40-822c3e01d3fb___JR_HL-8247.JPG,7
ff27ffcd-921c-4b13-827a-ddbb311ea50c___JR_HL-8246.JPG,7
0c93ef1a-ccc8-4a62-9353-308e7da3ac3e___JR_HL-8245.JPG,7
8acf0350-5233-4fdd-ae77-34d78943cc9a___JR_HL-8237.JPG,7
5ea0d081-386e-4acf-9986-86112d1993ff___JR_HL-8373.JPG,7
fa21e46a-f995-469d-9dc9-c6908c9a32c8___JR_HL-8375.JPG,7
5a17190b-714c-4f0e-bb00-65368f645e85___JR_HL-8374.JPG,7
65561d5c-c914-4cd0-90c5-e5bf47c8855b___JR_HL-8371.JPG,7
b2045348-8e3f-408f-89c0-5546d59a3f9a___JR_HL-8370.JPG,7
fc9c2e07-7e01-459e-9725-9c2dd619c14f___JR_HL-8372.JPG,7
705ed2b5-efe8-48eb-8f95-3274d0841027___JR_HL-8368.JPG,7
d17a8519-e2c2-4589-afdb-592063af49cf___JR_HL-8369.JPG,7
5d306c3a-6006-4508-b575-f3f6b83859e7___JR_HL-7677.JPG,7
10b46a95-02c6-4a1c-98e5-904b3e3e7e0d___JR_HL-7679.JPG,7
aa47c0e2-f03e-4d8b-b665-2c625fadc100___JR_HL-7680.JPG,7
b49270a7-3369-4dd5-ad39-898c3c7adf9e___JR_HL-7676.JPG,7
18032475-0939-4759-9bbf-0633c6ba572a___JR_HL-7678.JPG,7
9915883a-fcc4-457a-bcc3-404fd25ba386___JR_HL-7605.JPG,7
fd4cbc98-dde3-45ce-b794-f6b037eed2b9___JR_HL-7606.JPG,7
265d5430-3017-440a-b4f3-abfa0d2cbaed___JR_HL-7608.JPG,7
ee475461-4920-4243-bacd-7a2aa297c80e___JR_HL-7611.JPG,7
be4bdbf7-8e8f-4cd6-ba14-15d4a27dfe00___JR_HL-7609.JPG,7
4cdfdfb8-1efa-4a4f-af25-1e968c3aa38c___JR_HL-7607.JPG,7
56223cf2-b449-4088-afef-74476af7f93a___JR_HL-7604.JPG,7
3b0f8dbb-905b-4bdc-b4c6-231a22a47287___JR_HL-7610.JPG,7
f6f43f0f-592b-4e5a-9a34-73856a4a8571___JR_HL-5988.JPG,7
2bd72641-4eea-4cf4-99b4-37815f06f096___JR_HL-5984.JPG,7
c5c88b11-0ecd-49ef-a96f-ba1aab4a12c4___JR_HL-5985.JPG,7
af1d3ef3-5ef6-4d74-8042-b126880c1781___JR_HL-5986.JPG,7
99c4f6c3-3aac-45a6-aefa-7711862d7b02___JR_HL-5983.JPG,7
64198e06-2fa0-4b31-87bb-a78723959f8d___JR_HL-5989.JPG,7
9a9d4bac-388f-4d06-8b36-8c6734832755___JR_HL-5987.JPG,7
53b71f64-417e-4fef-85c9-31a60424b6f0___JR_HL-8300.JPG,7
c6a65a3f-c1cc-419f-9c44-50dcacf560b0___JR_HL-8298.JPG,7
9033b45d-677a-42ae-b48b-5101ed8b9b7a___JR_HL-8306.JPG,7
a4e150f2-9b5c-4b2c-9b8b-775d132a03b4___JR_HL-8299.JPG,7
10614d60-3077-4bdf-9771-53e8be8add9e___JR_HL-8302.JPG,7
110e0412-89b7-4ecc-8650-24f34bae2849___JR_HL-8305.JPG,7
bd0964da-d2b0-4217-8acd-d9db666cbc08___JR_HL-8304.JPG,7
465aba86-91a2-490d-a8e9-9d6dbb04988f___JR_HL-8301.JPG,7
fd305c29-a9b6-4720-a568-bf94d9a37c7f___JR_HL-8303.JPG,7
3f3b903c-cfeb-4574-8be7-1580296d7c2f___JR_HL-5865.JPG,7
fb6f5d31-176f-4694-9178-0732fb1efcf5___JR_HL-5868.JPG,7
65b2d5c2-a737-43cf-b83f-dfa749c1d143___JR_HL-5862.JPG,7
624219d0-919e-4fd2-9bc7-0550a4d7466a___JR_HL-5867.JPG,7
ddb5f9d9-fd75-40e0-9c14-b09f38fb5cdc___JR_HL-5864.JPG,7
a953b824-54ed-49eb-8d83-d1e491fcc18f___JR_HL-5863.JPG,7
86bf0a52-7986-4391-884a-b4a6f1b1e8e3___JR_HL-5866.JPG,7
9178dc46-0a7b-460a-9f22-094275a54b5e___JR_HL-5861.JPG,7
880150d7-bc9d-46bf-a91c-d7fcacbc1e50___JR_HL-5869.JPG,7
cf20e2a9-f2d3-41de-8950-6fb1c8fc2875___JR_HL-8707.JPG,7
512c1e86-ac5e-41dd-9791-c00fb4ca866d___JR_HL-8703.JPG,7
35390f28-2e9e-4f2c-b84e-cc1a7ad55fa8___JR_HL-8708.JPG,7
e57adc99-0329-4dd4-96b7-0bb087c020cb___JR_HL-8706.JPG,7
01468dda-44f3-4de8-8aed-948bcc29b719___JR_HL-8704.JPG,7
a38c002b-d0ed-4d5b-9b00-828665e3bebf___JR_HL-8705.JPG,7
c0f3838f-cfcd-45f7-8ba4-e7dab5519c62___JR_HL-8709.JPG,7
4531baee-70c8-4504-82f1-5cb38c857928___JR_HL-8710.JPG,7
38f909e5-e943-48fd-b34b-20aa755082ee___JR_HL-8213.JPG,7
8dbc7b65-24aa-47cf-99c6-dd014e8e60f6___JR_HL-8219.JPG,7
0dd09705-5593-4d01-9a9b-c1d5857daf92___JR_HL-8212.JPG,7
e5492788-1625-4143-bd13-99a075603fd5___JR_HL-8224.JPG,7
253b8420-d8a7-4278-8f5c-b1a0dd709138___JR_HL-8214.JPG,7
592b2a4c-326c-4fe3-a658-c4b97bd6c783___JR_HL-8217.JPG,7
ba49d658-9f89-4b8e-9cba-6f3ae0e03315___JR_HL-8220.JPG,7
95c1d651-27ca-49cd-95f9-fa7a42a14d49___JR_HL-8221.JPG,7
ecce81e3-9bcc-4bec-9adf-81e9f96cf953___JR_HL-8216.JPG,7
57a30847-5cb6-4edd-acd9-85d9be5e0aad___JR_HL-8223.JPG,7
c90fc30f-f9c2-43ed-a912-54ae5bd06f77___JR_HL-8222.JPG,7
d5164fae-b799-4dcd-b66d-1e7643bb0fc3___JR_HL-8215.JPG,7
4daa16b4-51ec-45a3-8617-b6b61562d8a5___JR_HL-8218.JPG,7
7277c061-6c40-4c75-8af3-32bd4a284dc5___JR_HL-8728.JPG,7
2b7b288c-141a-495f-9df0-3199a2815c9a___JR_HL-8731.JPG,7
489667ae-bca0-4e52-819f-2e04be3ae8cd___JR_HL-8726.JPG,7
14a817b1-7628-4bfd-99a5-495a0581cb6c___JR_HL-8729.JPG,7
4ce9b335-f4f7-4637-8317-16e010700ed6___JR_HL-8727.JPG,7
a9a25726-1cd3-4a87-b26a-328f35c3cb05___JR_HL-8725.JPG,7
346a8afc-772b-4d9d-a4ad-e1aaec6227bc___JR_HL-8730.JPG,7
fec718e1-5498-4c71-802a-d4689ebd69cc___JR_HL-8230.JPG,7
be22f457-fd19-4d3d-9aa3-90a8e7f32ef9___JR_HL-8235.JPG,7
7d949066-dd95-4be3-bde3-7ba0f410e771___JR_HL-8226.JPG,7
21243b10-533b-4f8d-9ded-2cdff9a223b7___JR_HL-8232.JPG,7
69ea4d8d-9281-4191-8848-28e47c717620___JR_HL-8236.JPG,7
6866313e-f753-4153-a4a2-2a549a15aa81___JR_HL-8225.JPG,7
ca8ef249-eb56-438f-acf0-17e0104b16ec___JR_HL-8231.JPG,7
159d7508-24db-416a-8eb1-22c1cb38edf3___JR_HL-8234.JPG,7
5b6539ac-0d6d-401b-a862-fd47305b3fa3___JR_HL-8229.JPG,7
547251ae-ce0c-423b-8d1f-afec4f2eb7bd___JR_HL-8227.JPG,7
dbb6495b-0765-4d94-afad-6020819aa893___JR_HL-8233.JPG,7
efdafba8-8b81-462a-83d6-7b064ed28a4d___JR_HL-8228.JPG,7
b0c38dd5-62ae-4579-8323-49d1969d7d15___JR_HL-7960.JPG,7
28bb4671-65da-465d-9322-3727e363f13a___JR_HL-7964.JPG,7
cf507d7d-0635-4123-8988-fcd92ed17d76___JR_HL-7968.JPG,7
99ef61dd-a84c-4dd5-9b51-106baf167e40___JR_HL-7959.JPG,7
81b24c43-b33a-4271-bd32-9457982b02ee___JR_HL-7965.JPG,7
c45e7f1e-c3cf-4615-ae58-2c7c9e69b37b___JR_HL-7970.JPG,7
dc34f73a-daa6-4edb-a8e6-7db5ef8bf907___JR_HL-7967.JPG,7
2761c538-7810-4721-9130-226b18c05a3f___JR_HL-7962.JPG,7
37a48c05-400a-487c-a64d-d90da02d0ef8___JR_HL-7961.JPG,7
7a44481e-a02a-4174-9927-b2ded2888da9___JR_HL-7966.JPG,7
0c002246-262c-46d7-9995-bd1e1b2737d9___JR_HL-7969.JPG,7
903ae120-a280-4a1d-bd29-eded8a5cc901___JR_HL-7963.JPG,7
9d370ceb-40c7-4160-af0f-c8b748d1d250___JR_HL-8741.JPG,7
e6a3e0cb-e1d4-4440-9440-f0b4f489ecc4___JR_HL-8742.JPG,7
7298eb6a-8db7-40dc-9256-aca7772c02af___JR_HL-8739.JPG,7
6e10aa60-1874-41a2-99c6-72359d113d77___JR_HL-8740.JPG,7
6f566315-ae34-49ad-b00a-be421af17746___JR_HL-8746.JPG,7
07aae897-44cd-4a0c-9471-1bd6234135b0___JR_HL-8745.JPG,7
642b5af2-4c78-4fa9-ba88-e9e60b505416___JR_HL-8743.JPG,7
b61a5e27-1da3-4c61-9951-691fdceb9e81___JR_HL-8744.JPG,7
77258bf8-fd4e-4e5f-ae6c-9efbaa6b343e___JR_HL-8115.JPG,7
5a8eff54-8e99-4fcc-a603-643391d4aa6e___JR_HL-8116.JPG,7
7ba402d0-65f1-4baf-b3b1-c32700159770___JR_HL-8118.JPG,7
1daf2391-f049-4e01-b229-ffd7c00a1b73___JR_HL-8119.JPG,7
a0519138-7416-45bd-9798-396a7a79302f___JR_HL-8117.JPG,7
297f886b-edfb-4116-bbd0-0c45ad0ae26f___JR_HL-8206.JPG,7
e6184b41-1a46-47f9-bcc7-d9f16859e50d___JR_HL-8208.JPG,7
87483ac6-8115-4d93-82ad-fbcaeca4a688___JR_HL-8211.JPG,7
3c3ae39d-c397-4ad0-a95f-88d46cd15427___JR_HL-8210.JPG,7
ad1303c4-8c71-484d-aa80-2f43e8cce03d___JR_HL-8207.JPG,7
da6be4a5-51ff-4bea-894e-9c5d1d3f699d___JR_HL-8205.JPG,7
2bf8e05e-8a65-4cf7-8171-3013044c1e9c___JR_HL-8209.JPG,7
58b523d7-c221-4409-902e-45b9ff7b28ac___JR_HL-8204.JPG,7
c53ed58f-ec94-4b0d-b2e7-f9d76ffc2fd0___JR_HL-8630.JPG,7
cecbb89b-d8d9-4dbf-bf01-99021523c945___JR_HL-8629.JPG,7
035746b5-cbe6-4e5d-9c3a-4bfc5c6cf5a1___JR_HL-7728.JPG,7
4d5c943b-7c66-4f5d-85e3-d8e2f8c3e096___JR_HL-7727.JPG,7
118ec2cf-48d0-4bb9-9487-612ea61471a1___JR_HL-7730.JPG,7
c2ea8ee9-836a-4c76-8101-7708a35f2717___JR_HL-7733.JPG,7
cf4a0192-99ce-403f-8198-258027747788___JR_HL-7732.JPG,7
db1e3abc-d083-45a8-a9eb-d9f6247d17fc___JR_HL-7734.JPG,7
20239e3e-cf5a-40d0-a813-02989a7a92d5___JR_HL-7729.JPG,7
c7136dd2-a014-45e0-bdfc-1167769adadc___JR_HL-7731.JPG,7
a72c9475-9671-497d-8ab7-a4ec2e349590___JR_HL-7726.JPG,7
5e80e275-c382-422e-9fea-b27afe385d9e___JR_HL-8394.JPG,7
bb0abefe-b415-45ac-b56c-c54ab1c5eb76___JR_HL-8393.JPG,7
0ba474dd-0cfd-4fd2-a58c-8e3d18dbe7c3___JR_HL-8395.JPG,7
f3cb1c60-4aae-4f2d-ae59-6654296a969b___JR_HL-8399.JPG,7
ca1cc01b-2a40-4d7a-994c-307c8e82e745___JR_HL-8392.JPG,7
342c87ae-db00-4ba8-9029-a91ba10b4d77___JR_HL-8397.JPG,7
ac373890-5535-4a5f-98c4-cb96962e3717___JR_HL-8398.JPG,7
4bb66ce9-f62e-40e5-b25c-42e5aa2bcd89___JR_HL-8396.JPG,7
14dd8166-d162-4f2a-9376-211814f7d277___JR_HL-8400.JPG,7
4eee40c4-029f-49eb-a918-1aeee490ccdf___JR_HL-8401.JPG,7
96e5d365-09d4-4968-8cf1-45be478eb180___JR_HL-6003.JPG,7
68b76639-b167-41e6-919b-06d15b84fbbd___JR_HL-6002.JPG,7
68c3951b-fb90-4181-9a12-441b47698db3___JR_HL-5998.JPG,7
1a629a1c-1000-48ce-a7d8-2064aa7e24ae___JR_HL-6001.JPG,7
aa8464ce-ba3c-4c40-8e3f-75b0ef3658bd___JR_HL-6005.JPG,7
2c76bbee-0033-4186-bdc6-3f70092c4046___JR_HL-6000.JPG,7
458e551e-4674-4f35-8d75-8c5de29b35b9___JR_HL-5999.JPG,7
8e850563-1fd4-4559-82de-f95dffd1f159___JR_HL-6004.JPG,7
0119205b-cfac-4322-be37-dcc401fcfa11___JR_HL-8527.JPG,7
52fd227a-51d0-46ec-87c2-c5a0833f07c9___JR_HL-8529.JPG,7
ff42d153-cf08-4582-93b7-c97ac740331a___JR_HL-8531.JPG,7
73ac9ebe-2f3f-455e-8ae7-750b3be4a7f6___JR_HL-8532.JPG,7
5d0dec6f-047f-4049-b9fb-0d3842d6a5cb___JR_HL-8530.JPG,7
1b09df7a-eb13-4192-b211-900898ab21b4___JR_HL-8533.JPG,7
8a711858-3c85-4e73-a881-2fe3e503326e___JR_HL-8528.JPG,7
bc657708-c1f4-4247-8343-b6976c39fc97___JR_HL-8526.JPG,7
d42ce4f2-082c-48f6-a08d-b14cf699841a___JR_HL-7770.JPG,7
c2cc281d-3028-4541-aa16-ced901ed2530___JR_HL-7771.JPG,7
0379e766-3bb9-4d00-8600-7d818a4b2ebf___JR_HL-7769.JPG,7
6ff92031-6a52-47ba-91d0-3df19f11104c___JR_HL-7774.JPG,7
55ece8d9-c71c-47ec-99f0-11fc9e726485___JR_HL-7768.JPG,7
ef16608c-6d3f-4974-b478-b45390a1e870___JR_HL-7772.JPG,7
40b05b00-37a9-42c7-b98f-39ec77a58003___JR_HL-7773.JPG,7
615f1ae8-e24a-467c-93eb-c4dd352e3f50___JR_HL-7767.JPG,7
f7f4af6c-2972-4cad-9d41-972d864f322b___JR_HL-7775.JPG,7
88b832b8-5c4c-4c27-912b-7ea91db50fb0___JR_HL-8158.JPG,7
79052190-9b72-4a0c-ae70-ac468d89b3fb___JR_HL-8150.JPG,7
bb635efc-e910-47b7-8718-caaf78036b84___JR_HL-8151.JPG,7
9bdb797d-83c7-4b43-a148-745885d5ae2b___JR_HL-8153.JPG,7
29cf454c-6b7d-45e7-929c-0136afb7ca39___JR_HL-8149.JPG,7
433c68d1-9786-48a5-94a2-7dcfea91c5b6___JR_HL-8159.JPG,7
2ddd4ad3-221e-4400-a188-0c5ae7a18403___JR_HL-8154.JPG,7
2d7a6a97-2425-4644-8821-2788ac9d0d18___JR_HL-8157.JPG,7
32f0cd4f-3786-4fc6-84e0-4ffb72e96741___JR_HL-8155.JPG,7
cac9b9c2-4be6-4580-a453-cd00809e5761___JR_HL-8156.JPG,7
507a8f21-31bb-4b3a-b158-baa2831bed28___JR_HL-8152.JPG,7
365b9977-fab1-4a4b-9807-605151f9db3e___JR_HL-7766.JPG,7
8a8f2d8c-5031-42e9-806d-6686c0f46cf7___JR_HL-7761.JPG,7
f86dcb0b-6f47-417d-abd9-096cb68a8cb5___JR_HL-7759.JPG,7
e18c0617-2154-4a2c-a1e6-f649fdb4db59___JR_HL-7755.JPG,7
ec094cc1-d95c-4fb5-8b21-3afcfbe39ea2___JR_HL-7765.JPG,7
b66d486a-9cc5-448a-8e5d-ff2b6ca718d4___JR_HL-7756.JPG,7
2d53efe9-0845-4091-97b5-9ca7001e04c9___JR_HL-7758.JPG,7
6bd5ef2c-da52-4962-b933-528eaa9afa6c___JR_HL-7757.JPG,7
ade83a82-f521-48d3-acde-24d5ad677350___JR_HL-7764.JPG,7
11dfe9bb-1cf0-462d-991b-9066bdea7078___JR_HL-7763.JPG,7
8b84f872-8128-48a9-8e86-b166294a67f4___JR_HL-7760.JPG,7
5e948d45-8b24-4177-9713-bad1403aa105___JR_HL-7762.JPG,7
27a57823-95ed-4619-ac8c-25270fd0b030___JR_HL-7630.JPG,7
48f5f336-54af-4415-be68-d23b38fcdd42___JR_HL-7631.JPG,7
9cefa2ea-236f-442b-85d1-7bdd7e651039___JR_HL-7628.JPG,7
c242dc1e-a2ab-4b51-8a81-0e6e1c8df833___JR_HL-7629.JPG,7
48704549-8dc8-45f4-ac1f-2cd3cdb2a6d9___JR_HL-8251.JPG,7
dd16947a-3e48-4da4-86c8-44ea14e16991___JR_HL-8252.JPG,7
cddc5f8d-749e-42d7-a453-cf9a9bc24992___JR_HL-8256.JPG,7
e2895bd7-f8f5-46ea-86b1-d90fe9bc0800___JR_HL-8254.JPG,7
df451c9c-6b43-4ed7-9f21-9df981439c8e___JR_HL-8253.JPG,7
2a5eb7c8-4c8b-43a6-9448-b3983beef06c___JR_HL-8248.JPG,7
e7d0f9a3-f28d-4c66-aba7-ce7c831590f5___JR_HL-8249.JPG,7
6ab630ac-c705-4aa8-82ec-1b618cc400f4___JR_HL-8257.JPG,7
0414429e-4295-4216-b2ed-96b21cb35928___JR_HL-8250.JPG,7
32ad9931-dd83-42be-9502-d0cf967048f9___JR_HL-8255.JPG,7
8ba4d183-e33e-4333-b839-2626bd0f450b___JR_HL-8049.JPG,7
8ba97ec7-5e91-4850-8e87-fe0aaa18aaaf___JR_HL-8058.JPG,7
598dad0c-6cea-40e6-9b83-2e0473cebe9b___JR_HL-8051.JPG,7
96922028-c5d6-4053-9b0d-90b64a00e5aa___JR_HL-8057.JPG,7
3a559a37-6880-497c-9b19-cc9c00657f6b___JR_HL-8048.JPG,7
6de912b6-f7e5-4980-be35-63ba2564d5d3___JR_HL-8059.JPG,7
5cad2f55-2c15-4b55-b148-abac485b6757___JR_HL-8052.JPG,7
9fc9ea86-e97f-4b96-8838-6e614196b2f6___JR_HL-8054.JPG,7
08945f1c-9204-48d6-a5b4-bece52a18909___JR_HL-8056.JPG,7
8fef0301-cadf-46db-893e-3ae309faf40b___JR_HL-8050.JPG,7
c17aac7c-7e5c-4d2c-8699-9d1185a33eeb___JR_HL-8047.JPG,7
c535f12e-99d3-4270-a383-3220e97a538c___JR_HL-8055.JPG,7
c0466e8b-d9cd-4bad-83c0-e8813b17788c___JR_HL-8053.JPG,7
030eee8e-5db2-4596-8ebc-6ab9b2fec504___JR_HL-5993.JPG,7
e345cce1-fc94-4d67-b216-d23866e79e58___JR_HL-5992.JPG,7
277eb282-4e80-4da6-8efe-740354fa368e___JR_HL-5995.JPG,7
6bdaca26-3c7d-48ea-87d1-2b99b9736f1b___JR_HL-5997.JPG,7
ec8bc198-28c5-4664-a104-ba229ba93233___JR_HL-5996.JPG,7
d21298a3-abb3-44b3-bcc9-43aadf320d22___JR_HL-5990.JPG,7
910095f7-8a83-4aa3-96e2-b0dc0886fd0d___JR_HL-5994.JPG,7
8033076c-4792-4864-b18f-16f15563d7bf___JR_HL-5991.JPG,7
44b451a2-318d-4329-a54b-fc44ea29ccfe___JR_HL-8147.JPG,7
3c02c8e5-b648-40ad-b119-0d9f66fc2b6c___JR_HL-8146.JPG,7
80ba68a5-6096-4605-b4b7-e0f9c5bac0db___JR_HL-8143.JPG,7
6c8c4568-cedf-4f9a-8441-54fef4ea301a___JR_HL-8148.JPG,7
a7427b19-b68c-4ca9-b175-6fca8174c4b0___JR_HL-8142.JPG,7
4989156a-6b39-4a12-940e-fbd068ecbb65___JR_HL-8145.JPG,7
7087d135-b565-492a-9fc3-431fe2f63850___JR_HL-8144.JPG,7
9c0c9643-2c4c-4feb-a918-31813ad73835___JR_HL-7747.JPG,7
f102520d-aa05-452f-9c24-6e480d59112e___JR_HL-7750.JPG,7
8cb1c98b-4643-4324-b793-d7c3c568449c___JR_HL-7748.JPG,7
9776ae4f-68a4-4353-8ca3-4a073aef9ec0___JR_HL-7753.JPG,7
040fbd7e-faad-4005-8a4d-0d00b824611a___JR_HL-7754.JPG,7
d489c307-ff11-45f0-9ea2-1d8bb072a7e7___JR_HL-7749.JPG,7
dfeb1e66-f94b-4ad4-9ad3-ba50d9ac1a2d___JR_HL-7752.JPG,7
e8c23218-817b-49a4-ab02-95caed932ea6___JR_HL-7751.JPG,7
46b55f82-ee0c-4db8-98da-710f0423c1b9___JR_HL-8389.JPG,7
c02e2bda-f235-4538-b630-7af68169c8be___JR_HL-8388.JPG,7
86e16897-fd51-4b0a-8ab3-ffa9ff146fa4___JR_HL-8386.JPG,7
f7b9603d-96a2-4689-b86b-a1e1a53322f1___JR_HL-8385.JPG,7
fbaef49c-d737-4505-8a4c-40a690cfff5d___JR_HL-8390.JPG,7
bfb98507-e9bb-4df4-895c-0a58fbcb7ed8___JR_HL-8391.JPG,7
1bbdce5c-a65c-4ddc-81b7-6f80e6254734___JR_HL-8387.JPG,7
f42a7c9b-92e0-461b-b470-463a6f0b7aff___JR_HL-8747.JPG,7
3688ae98-5f85-4df3-a51f-07ad8707d5a5___JR_HL-8751.JPG,7
5a204a79-b860-4364-a3c3-df8f67751eb8___JR_HL-8748.JPG,7
dd7055a8-fe9e-4cc3-9b5f-79cc32e2f73d___JR_HL-8752.JPG,7
b8ef1c18-2390-42d5-8b62-47ddca728b87___JR_HL-8753.JPG,7
cba6d9b4-3450-4f61-aa77-ffd855dc2b09___JR_HL-8749.JPG,7
f457076f-aab1-496e-a4d8-9fefb1af279a___JR_HL-8754.JPG,7
2fefe600-7bb1-4edd-86e7-0847c9e0e33c___JR_HL-8750.JPG,7
6f7d1500-e5d4-4aa0-b066-6a7423e8e289___JR_HL-5816.JPG,7
10976831-4c21-447e-b738-e46a2c84ef70___JR_HL-5813.JPG,7
b6220cf3-e18d-4303-a7ed-cf60570bed93___JR_HL-5814.JPG,7
3dbd080a-21d0-4fb0-8c31-9638c6030943___JR_HL-5817.JPG,7
fa865ee2-c3b8-45ac-b845-1dead949a24a___JR_HL-5818.JPG,7
aa4f86b1-6314-47c2-9e62-39c52a2967ba___JR_HL-5819.JPG,7
be34960a-dd60-446d-80bd-7a01ba58baae___JR_HL-5820.JPG,7
1c665f14-938a-4563-8613-031a2cb04453___JR_HL-5815.JPG,7
334c47a8-60bc-4021-a186-6f0d73624dd4___JR_HL-8354.JPG,7
871be79b-b1f0-42a1-9833-2d8b45cc18d9___JR_HL-8356.JPG,7
79b1f325-0bdf-45b4-a38f-4132ddf70f6d___JR_HL-8357.JPG,7
a2fd33fc-3cd0-4724-9d77-afb84f5c95a4___JR_HL-8353.JPG,7
4dae1983-04d3-44f9-a226-e94f256677e0___JR_HL-8355.JPG,7
1bfa8779-be94-4f16-9668-08c91f9ce3d6___JR_HL-8358.JPG,7
67218684-e145-42b2-97ed-830aedfee5f9___JR_HL-8359.JPG,7
66b13c76-6f77-49c1-b286-717d26dc7fbc___JR_HL-7873.JPG,7
63f6ad32-28e1-459f-a8ab-100f52fc5a2c___JR_HL-7878.JPG,7
b303761b-5357-4d82-9e78-1b26c2804196___JR_HL-7879.JPG,7
00100ffa-095e-4881-aebf-61fe5af7226e___JR_HL-7886.JPG,7
e34510f2-0d40-4385-a73f-f32317d24b59___JR_HL-7874.JPG,7
1ba85df7-f8db-4da9-afe5-25dd506ee87c___JR_HL-7881.JPG,7
31186a00-f246-4438-9ae7-f0b36aa9596e___JR_HL-7884.JPG,7
e464db4e-8538-40a8-9012-7a5143bdf693___JR_HL-7882.JPG,7
71e8540f-309c-4022-97c7-7ce276abb2ac___JR_HL-7877.JPG,7
d53487cf-1f9c-464a-bf4e-aff3277e85b3___JR_HL-7885.JPG,7
8fc82b12-a4a6-4baa-8ba9-76db09c2915f___JR_HL-7876.JPG,7
5e8e45b8-d266-482d-87cf-88b2fd14f16a___JR_HL-7880.JPG,7
939d5042-a50f-4c4e-9f07-74437d88cd85___JR_HL-7883.JPG,7
7ace1bb9-5005-4a1b-a207-7d55e65c6652___JR_HL-7875.JPG,7
a5b86c20-323a-42b3-8b1b-60fe21f844b3___JR_HL-8476.JPG,7
e446272d-9fe1-4efc-b9c4-326acd6f3162___JR_HL-8460.JPG,7
ab275c68-52f9-4e4d-93de-5df1b7864b8d___JR_HL-8461.JPG,7
3e2a611a-ecf1-4bf2-ba73-5a0a2b4151a0___JR_HL-8458.JPG,7
e3ff1fdf-81d0-4089-b76d-f2390159a247___JR_HL-8462.JPG,7
01d03cb9-4505-458c-a6dc-648dedccd71a___JR_HL-8474.JPG,7
0e2afa6e-568c-4694-babd-dc15057b53b3___JR_HL-8475.JPG,7
1c41486f-bb0d-4808-b980-9fa4739f2ad3___JR_HL-8459.JPG,7
e0bc5745-37b1-4207-855f-3cfadd2316d4___JR_HL-8457.JPG,7
5e455ad8-5451-4468-b6e7-f1fc3b189a4b___JR_HL-5881.JPG,7
f2cf1271-b257-452e-8c4f-1db1ff8babd5___JR_HL-5883.JPG,7
389063cb-adf2-412a-b9d3-94ff948d7353___JR_HL-5880.JPG,7
8de81983-7026-47e2-a972-854af986bfc0___JR_HL-5879.JPG,7
6f684b6b-ffdd-4f97-9180-8870007e633e___JR_HL-5878.JPG,7
51ccc742-7192-427c-8e61-c10d07cb502c___JR_HL-5882.JPG,7
9aa2ced4-eedc-4e3e-97a2-d093a89530b3___JR_HL-5885.JPG,7
023f9133-6194-41d5-b4b0-e82821bda698___JR_HL-5884.JPG,7
df53547e-28ef-4619-8b01-aa2d50e6c8b3___JR_HL-8733.JPG,7
6af0dc26-87c3-4eef-be98-8c6741a8f94d___JR_HL-8735.JPG,7
d9078c6d-9a57-43d5-bd00-e2a7fd93f881___JR_HL-8738.JPG,7
c0f919fb-1cbb-47e6-9308-87796ab6acac___JR_HL-8734.JPG,7
1e9de601-8ffb-42cd-b7ab-79b35f87acfc___JR_HL-8732.JPG,7
6cee02dc-372c-4a96-a68e-900cbdc00d12___JR_HL-8736.JPG,7
2c8d77dd-0173-41d0-9e95-9e11092af9a8___JR_HL-8737.JPG,7
3355f3b6-7d93-4409-9e6f-6344b660e70f___JR_HL-8349.JPG,7
30d8ce3b-74d6-4dea-a70b-7fd4896d36ce___JR_HL-8350.JPG,7
5f11a48a-467f-4639-adcb-f7189c669a5f___JR_HL-8348.JPG,7
ca45d0b4-76ba-47a7-950d-aed9f357c8f5___JR_HL-8351.JPG,7
53f174d6-faad-427c-9d22-ca04786f3a9a___JR_HL-8352.JPG,7
d1dbb3ad-9839-4015-a4c8-9b562e196ac5___JR_HL-8347.JPG,7
de8f27ad-c53f-4481-affe-174d3690d559___JR_HL-8562.JPG,7
dc962f4d-1d6a-4304-8977-2925bae01f00___JR_HL-8564.JPG,7
6bdcf245-2e3f-4732-bcef-73e7eecd4c31___JR_HL-8563.JPG,7
82c9ec16-7e6a-4a08-9d3d-95457b187b0d___JR_HL-8561.JPG,7
fb02614c-dcbd-4e7d-9ec6-ab3c5bf267ad___JR_HL-7626.JPG,7
b83ebe55-1008-4008-b6fb-582f61372abc___JR_HL-7622.JPG,7
ff276d07-04ef-4919-9762-a6548f8cf21c___JR_HL-7621.JPG,7
ee4400a9-c4f6-432d-985a-ff8dc730467b___JR_HL-7620.JPG,7
933e660d-55cf-4383-992d-48612e53bbd8___JR_HL-7624.JPG,7
bb82f621-0b32-4fef-bb8f-9d44737e65d3___JR_HL-7619.JPG,7
35c7f0ff-2b3b-4d07-be50-08ff0edfc51f___JR_HL-7625.JPG,7
7d2d2203-b16e-4c88-9a96-0ff8e48358c3___JR_HL-7627.JPG,7
0354e474-d930-4098-97f8-0acee01817ea___JR_HL-7623.JPG,7
7100698f-5430-4fed-ba4f-391d6b5956d8___JR_HL-8454.JPG,7
f48132e5-5e78-471e-ab16-e1ff06aa13f3___JR_HL-8446.JPG,7
90c55e48-17d8-48fd-bf59-2ef16bf624a4___JR_HL-8453.JPG,7
2e28e6a0-2e0b-4284-a9f5-74e5dfac142d___JR_HL-8451.JPG,7
47c2ad4e-4eca-4597-9784-c3d99444bf29___JR_HL-8450.JPG,7
b7103e2b-ef67-441b-b462-be6f0513dee0___JR_HL-8452.JPG,7
7dfaee93-0cc9-4173-9622-cc3e877474c6___JR_HL-8447.JPG,7
27036eec-40be-4b6c-b67d-9ef95b9794cf___JR_HL-8455.JPG,7
8fb9b07b-4ffb-4b5b-b402-4a830a8f05e7___JR_HL-8449.JPG,7
1ce2eb3c-b8a7-4839-9728-a380909f9b89___JR_HL-8448.JPG,7
f4052038-8f4b-48f2-9427-f69ade61ac7c___JR_HL-8456.JPG,7
ff5d7b23-41d6-43ff-8bf5-d7ddf13a412b___JR_HL-8675.JPG,7
8984c4c8-d358-405f-909d-f0d7351e44a7___JR_HL-8677.JPG,7
57670862-a23d-4305-b98d-b6d0aa05d723___JR_HL-8684.JPG,7
00726ad4-2569-46ce-9d4e-dbf82b14bd94___JR_HL-8686.JPG,7
71711626-a835-43fe-941d-36f314205074___JR_HL-8679.JPG,7
87917281-a780-4d64-81d2-3fa100c6782d___JR_HL-8685.JPG,7
cdad1237-5d1e-46e8-a5fc-b0514aa994ab___JR_HL-8680.JPG,7
75d2a180-5d61-422a-9e63-4a061a2c8f65___JR_HL-8683.JPG,7
508ca47c-f3f9-4e1e-a9e8-759de2d45471___JR_HL-8678.JPG,7
19094b2f-e170-4634-967e-31a6cf77c46b___JR_HL-8682.JPG,7
b1558f48-ed17-4d42-ac7c-ae1a5964ca5f___JR_HL-8676.JPG,7
1fdbead6-97f6-4712-8c5e-2a1285e1e777___JR_HL-8681.JPG,7
bdd0091e-a52a-4a80-8676-526c4fe75433___JR_HL-8718.JPG,7
4afa2688-a33f-4adf-a0f5-18f9c5e7e848___JR_HL-8714.JPG,7
9eb62b6c-4722-42b9-8328-e63f899e0ae2___JR_HL-8711.JPG,7
9d66d62b-0bb3-414c-90b6-05f99cf7c341___JR_HL-8712.JPG,7
c0da16ab-82d4-4572-98a0-4bf4057fd6e4___JR_HL-8716.JPG,7
ed4e6505-3d77-457f-af9a-085ffa0a8d94___JR_HL-8713.JPG,7
d97b0635-c850-4406-b2d0-3217511b496c___JR_HL-8719.JPG,7
1bfbdcd9-68ae-4676-9693-5f02fd310860___JR_HL-8715.JPG,7
cc230c78-9e6a-467e-a5e4-19c64e82488a___JR_HL-8717.JPG,7
4a72152d-9d9e-446a-8757-3ad7b3178dde___JR_HL-8091.JPG,7
65b444c4-e03b-49e2-8ea6-ee3135be368e___JR_HL-8088.JPG,7
674a896b-ff59-42df-8ffb-1f422c2084aa___JR_HL-8089.JPG,7
8fb8b9da-da17-44e5-8ce6-05c47cd356f4___JR_HL-8087.JPG,7
667509c5-152d-4db9-b56b-bd1469c9e3a0___JR_HL-8090.JPG,7
4f770d4f-fd8b-4987-8a9b-e813e0c7a61b___JR_HL-8093.JPG,7
594914b7-e892-4fab-834b-4c082d1cc07a___JR_HL-8092.JPG,7
52197c22-7ca0-4ec1-b1b1-c91b4f5aba8e___JR_HL-8085.JPG,7
36e6c861-dfbe-4452-bb94-be96ad479290___JR_HL-8086.JPG,7
78b80c38-32da-4a77-bbde-8ff9e5bfd47d___JR_HL-8094.JPG,7
a583c3b4-1a4b-4409-b544-ec8f2a531efd___JR_HL-8108.JPG,7
7c6366da-565f-4314-b58d-a5665b6f15af___JR_HL-8112.JPG,7
0e69c47d-72c6-4fc6-9437-910c95b183dc___JR_HL-8113.JPG,7
c225f3a3-270a-4ae9-a44d-b35c12db7e46___JR_HL-8110.JPG,7
d37f4830-1504-4052-b4ec-501d170d3e83___JR_HL-8107.JPG,7
2fa76dae-f2a2-4527-b7c7-3c6f5b74a8e7___JR_HL-8114.JPG,7
fe978613-05fc-4b11-a2d0-2175915f74c1___JR_HL-8105.JPG,7
5da604ea-a5d3-48d3-a182-0f6fc7919e64___JR_HL-8106.JPG,7
1091d6d7-6767-4643-897e-3637df768172___JR_HL-8111.JPG,7
3949ee17-d163-4713-bcaa-523e87cd3871___JR_HL-8109.JPG,7
08c9ab27-c1a4-4ccd-a179-ca6e2fa05d78___JR_HL-8769.JPG,7
45a537fb-d9ba-4813-86bd-eb1510f3cd57___JR_HL-8767.JPG,7
afc07c50-8617-4644-845c-be6f85f20836___JR_HL-8776.JPG,7
68bf32ff-b8b9-4412-a83e-a21ba49fe025___JR_HL-8771.JPG,7
cbdca8a1-7822-472a-bc6f-a67a7a142dc0___JR_HL-8768.JPG,7
26605bb8-e0b1-4232-b4bb-a4aba0b47edd___JR_HL-8777.JPG,7
29a30b3d-e893-4459-988c-974bc7b5cf36___JR_HL-8772.JPG,7
dfd700a9-cef2-453e-8006-52fd08c0ca35___JR_HL-8770.JPG,7
3d9886b0-d3cc-42d2-a41a-ec934b971bc9___JR_HL-8775.JPG,7
cb09bcdb-3a22-41f5-abce-ec92d151752f___JR_HL-8778.JPG,7
3be55250-5873-46f7-a55c-e16ec36a300d___JR_HL-8773.JPG,7
80351989-5dc7-487b-abcc-3a561ec6e5d8___JR_HL-8774.JPG,7
0760194c-efdd-4065-babb-a12f3b7881a6___JR_HL-7591.JPG,7
dddbe84f-16f2-42ba-ab89-1b3aad6b9658___JR_HL-7590.JPG,7
83825263-0e8f-4e27-a6e2-b432323efe49___JR_HL-7593.JPG,7
cd70be42-9129-4137-9884-44ea73e42781___JR_HL-7595.JPG,7
6b0af08c-3f98-4077-94ab-5a35527fbf08___JR_HL-7589.JPG,7
f34f9754-9f8f-4f0e-952a-1fedcb96a727___JR_HL-7594.JPG,7
cad06bac-877d-468b-81f4-2e2a60051352___JR_HL-7592.JPG,7
d1d360b8-26e7-413c-9863-e16d5087464d___JR_HL-7997.JPG,7
47640adf-fab7-4b61-9f88-93591162cfc9___JR_HL-7995.JPG,7
7d2663b8-9779-4665-8a3d-055fd046979d___JR_HL-7999.JPG,7
51e39127-50f9-45a0-bbc9-f31197ad036d___JR_HL-7996.JPG,7
62e9114f-1382-48c5-a829-ac7527e5f10f___JR_HL-7993.JPG,7
e921cedb-b111-45d5-9dce-ce03a785fd27___JR_HL-7994.JPG,7
a1c4d6a6-05b9-4cef-bb9d-919c086567a1___JR_HL-7998.JPG,7
9c83cc15-710a-49f9-8f8a-4afac475d5ac___JR_HL-8843.JPG,7
105c1a83-1454-4b75-a174-4fa8443ff97f___JR_HL-8844.JPG,7
ed86e92d-91d6-4378-8759-9028e0ae6b23___JR_HL-8847.JPG,7
8b1bc870-8cff-476f-b8cb-e17ab5e1e2d7___JR_HL-8845.JPG,7
d0bce877-53bf-4be0-b05d-6f403c5d4504___JR_HL-8838.JPG,7
2fb934df-b92d-4ede-8700-72a4c5a40f04___JR_HL-8839.JPG,7
c013ccc6-b716-4945-b256-ca39c5e9a201___JR_HL-8842.JPG,7
1645432a-a297-430d-aace-13e2ba91e36e___JR_HL-8840.JPG,7
d670dc7a-8f79-477b-8cb3-170466f71667___JR_HL-8848.JPG,7
2accd1d7-e6b4-4114-9f8b-11130d583320___JR_HL-8841.JPG,7
9395cf41-c7f6-4b44-81f1-bf9f58fa1ca6___JR_HL-8846.JPG,7
41b94c99-7063-42dc-9ce7-22ff087317e9___JR_HL-7696.JPG,7
63861ca7-0af3-45f9-8c8e-346ee5934338___JR_HL-7693.JPG,7
cc1da016-287b-4669-aceb-2dd35cd0d78a___JR_HL-7698.JPG,7
99af85d7-aac5-46e9-b60e-ef4f6a8e0898___JR_HL-7697.JPG,7
0c102dad-d31f-469b-89d1-6fe7bf93708c___JR_HL-7689.JPG,7
7a09e4c9-bc66-4d7d-aee6-20181672ff28___JR_HL-7699.JPG,7
7f972870-1c00-4e0c-bc1e-53cd97acb2d5___JR_HL-7700.JPG,7
06f73502-5694-494a-b3cd-d4bf7bf75172___JR_HL-7692.JPG,7
eaf12b28-cd51-40f3-9298-532c676eb55f___JR_HL-7688.JPG,7
d001c6f1-3c5a-470b-b4a2-7996b9c68cd6___JR_HL-7695.JPG,7
228e2afd-54a4-4097-8489-916c608361a9___JR_HL-7690.JPG,7
da84d53c-1306-4823-99b5-abfe3e184b7f___JR_HL-7691.JPG,7
0691ea32-a88a-4487-a92c-1159140ff880___JR_HL-7694.JPG,7
99d7c3a2-731b-4569-b46b-eec506c2e1e9___JR_HL-7820.JPG,7
37829073-ac95-4e17-a0d2-56bfb8358ebf___JR_HL-7819.JPG,7
a313a505-f0ba-4e4f-ae85-344acc62d94e___JR_HL-7825.JPG,7
c86292c5-5f49-498d-9339-5f8d5d0b7492___JR_HL-7821.JPG,7
9b086942-567d-4687-bcf1-cfecf03f5190___JR_HL-7826.JPG,7
bab8a6f8-4810-4152-8ab0-79d928f8b948___JR_HL-7823.JPG,7
3ba519c0-340f-4cef-bbea-fcb67645868e___JR_HL-7828.JPG,7
a605cb34-c2ee-4db0-a4dd-8d7ae492a494___JR_HL-7824.JPG,7
6506ee29-4743-4023-a584-17c40b4e45a0___JR_HL-7827.JPG,7
876f9ebc-4a5e-4723-b1d4-d01de732fe1a___JR_HL-7822.JPG,7
dc4eacfe-7ead-4851-8a6c-e35b0e7acdd2___JR_HL-5812.JPG,7
95944721-a036-4912-b2ac-28b0014a029b___JR_HL-5807.JPG,7
7810b691-de4a-4b08-b59a-56fce143b578___JR_HL-5808.JPG,7
95c8741a-b5a8-4e49-baad-2015bcaf5c3f___JR_HL-5811.JPG,7
537a12f3-7157-461c-8e15-631bc74e3b3a___JR_HL-5810.JPG,7
bb88a552-d534-4175-ad70-209157de60d8___JR_HL-5809.JPG,7
b0dfaf4d-1c02-4438-b711-274dc92f8ed7___JR_HL-8180.JPG,7
f1dcd8f8-45b1-4b59-b613-7b0384e58365___JR_HL-8178.JPG,7
e2a0eacf-17a9-4bab-8d4d-fc0f3d1f6e87___JR_HL-8179.JPG,7
bc26417b-5859-42cb-9d6a-4b96f3dfa9f9___JR_HL-8176.JPG,7
3f257cf2-a8ad-4a82-8114-2d70fbdcbed9___JR_HL-8181.JPG,7
07eda9a1-8f8a-471b-b3c6-9093c3d6ca90___JR_HL-8177.JPG,7
7c36055a-505d-4fd3-9b2f-d165f1324a92___JR_HL-8265.JPG,7
d6e06adc-15b1-4513-97b7-7e7b3920824f___JR_HL-8258.JPG,7
da3e2c03-30e4-4d40-b3a4-d0caade300a0___JR_HL-8260.JPG,7
de55360c-0b01-4556-b98e-d412ce6f8e49___JR_HL-8264.JPG,7
f58e3caa-b48a-443b-83e0-ee09e9d70425___JR_HL-8261.JPG,7
bcc57d25-c93c-4fa1-8df7-bdb4ae717233___JR_HL-8259.JPG,7
ffd8d1a7-1596-4c8a-bd05-1e284b8cfaa5___JR_HL-8266.JPG,7
d5c1285f-07eb-447c-b606-ff6c9d1398ad___JR_HL-8263.JPG,7
434ee8ff-f082-4836-a729-2bf9b889e5d0___JR_HL-8262.JPG,7
226a6fd3-6624-4360-8637-3755f4acd3fb___JR_HL-5898.JPG,7
fb974d64-1b7a-4d68-8ddb-1b8ed3011f25___JR_HL-5899.JPG,7
8e72a5ec-554d-4e13-a8ff-19f9177037eb___JR_HL-5896.JPG,7
ce09803f-c791-4ace-a81f-65ad4730822a___JR_HL-5901.JPG,7
c488f861-d42c-4527-846d-1e352fbd72a3___JR_HL-5895.JPG,7
820f4a6b-ac2d-4666-b5e8-91b172d927a1___JR_HL-5902.JPG,7
f47373b3-ed1e-42b0-988b-b2724cc89782___JR_HL-5903.JPG,7
38a83def-19c0-4d20-99a7-b1a43d7f929f___JR_HL-5897.JPG,7
ada9a8bc-c0a4-4adb-bedd-a6c6a5138ff0___JR_HL-5900.JPG,7
f20f36a0-6816-455b-9ea6-cd3bdf90a844___JR_HL-8045.JPG,7
3e26a2d8-a7f6-4d3f-bcb7-63ab63b0ff39___JR_HL-8043.JPG,7
95b8e371-2865-4596-855d-8ab2e50936e3___JR_HL-8039.JPG,7
aef76e6b-3245-4653-887a-a64d76a93bb8___JR_HL-8042.JPG,7
47aec3a3-7a19-4829-9cd1-38468a321aad___JR_HL-8038.JPG,7
5aab6778-8eb7-4397-8912-0ef8a54d8c01___JR_HL-8046.JPG,7
a630dfe7-57e4-4053-9045-5168f8e0a4b3___JR_HL-8044.JPG,7
ba527e73-8be2-4c53-9e5b-cafeab987bba___JR_HL-8037.JPG,7
90b246e8-9cf6-440f-a867-3c32a697f284___JR_HL-8041.JPG,7
b94e7dd5-f127-4590-b32f-8c226dcb27b0___JR_HL-8040.JPG,7
1dcc5be2-abd6-4fb3-8e75-d75b7a123e45___JR_HL-8763.JPG,7
4652c2fe-d7b7-430a-986b-d63820123cc8___JR_HL-8764.JPG,7
eeb27ba2-a71d-4111-84e1-f46e4fe0ddd7___JR_HL-8755.JPG,7
db39cf0e-cfe0-49d1-a5ed-5d69faa26507___JR_HL-8756.JPG,7
f3af7ac3-0b06-4dae-8494-719e65334e3b___JR_HL-8766.JPG,7
a53a0c02-3353-40c3-98ee-e4e9d7432b19___JR_HL-8760.JPG,7
7267607f-acf4-40fb-b691-e46ade9b87c9___JR_HL-8758.JPG,7
d5fe578c-f2b2-49d1-b2ba-5b3a09248777___JR_HL-8765.JPG,7
f2eeb551-94e8-4ac2-a5de-4702e6349f42___JR_HL-8761.JPG,7
aa2fb7e9-0695-4868-9f85-bd0e912fee30___JR_HL-8762.JPG,7
728ff40b-fbff-4910-b345-4c9a47d7a712___JR_HL-8759.JPG,7
c0970a6a-0a3c-4582-99c1-1c2bf433b253___JR_HL-8757.JPG,7
caf87fb1-fb9e-46f1-9b25-a1586f502886___JR_HL-7989.JPG,7
cc2638ba-8ac3-4f48-9013-333648bb56c4___JR_HL-7986.JPG,7
a8758911-2b5a-4383-9636-1e90d33c90a4___JR_HL-7991.JPG,7
5ea016e4-284f-45ac-b9da-60d4ac5141e4___JR_HL-7987.JPG,7
710225f8-f924-428c-a7f0-a0e1169318fe___JR_HL-7985.JPG,7
8d95c591-6d4a-4c70-a188-e52c354c7423___JR_HL-7990.JPG,7
3bf6ef5b-f492-4aee-ae35-bd5a0260fdaf___JR_HL-7988.JPG,7
fe682576-9a9b-40c9-a875-62af05d3bc1e___JR_HL-7984.JPG,7
1aa25bab-008c-4114-9832-096d81592dd9___JR_HL-7992.JPG,7
01482fdd-5dfd-4190-bbc0-6189a3161fae___JR_HL-7983.JPG,7
2d93ee5a-6562-49c4-82fd-f5fbc950f4df___JR_HL-5943.JPG,7
bdf3fb0c-ec4d-4f98-9149-a1a6cc876060___JR_HL-5945.JPG,7
b8ea8f49-ab54-4282-81f4-7d1497b4f818___JR_HL-5949.JPG,7
91310cb0-97cf-4d2d-88c2-c4ea77de4442___JR_HL-5947.JPG,7
4f975b18-03dc-444d-a1fd-67a4fe0143a6___JR_HL-5944.JPG,7
8957c413-e9c6-4f8e-a889-43980e565fe2___JR_HL-5950.JPG,7
d7840b85-45be-4dc2-8135-d3aea938dcf5___JR_HL-5942.JPG,7
0b796b7a-dfc8-47f7-9970-8373263c6408___JR_HL-5948.JPG,7
53339b41-66f9-4fea-8b87-acd5f341a0c3___JR_HL-5946.JPG,7
5f8ceca0-9d35-48cf-847a-c5d39a198321___JR_HL-8297.JPG,7
a87fefe4-6f62-46e2-90b9-273ba9997ed1___JR_HL-8292.JPG,7
96d849a9-9448-4832-980a-b4b7ec1a32ae___JR_HL-8293.JPG,7
2ba359a8-68ff-4f4b-9c8d-10cab127b257___JR_HL-8294.JPG,7
810c0ae8-3d0e-4445-a1d7-f1b31cbc56b9___JR_HL-8291.JPG,7
d2fed0c2-a307-4390-b7a8-47fabfcf3590___JR_HL-8296.JPG,7
7638357e-5dd1-4991-9301-b5a977ac1ded___JR_HL-8295.JPG,7
42f083e2-272d-4f83-ad9a-573ee90e50ec___Screen-Shot-2015-05-06-at-4.01.13-PM.png,7
fa07a6ab-030d-46dd-bca0-ae32ccdbf5c3___JR_HL-7564.JPG,7
4a2df028-ffb3-4b00-a538-e69473c1101b___JR_HL-7567.JPG,7
bb4b37a6-9666-4a7d-ac49-99bb785d2dc0___JR_HL-7566.JPG,7
b0c34863-3cd0-4699-86ea-3999a3350099___JR_HL-7563.JPG,7
dbced313-fc2a-4780-bf86-b50d1934580c___JR_HL-7565.JPG,7
68ba455a-8f01-4433-96aa-32d8acb1a48d___JR_HL-7562.JPG,7
190c892d-83a8-42f5-ada3-aaad39d1e7b1___JR_HL-7561.JPG,7
ea5402e9-f5e9-450c-bef6-f9d0bb544e68___JR_HL-5873.JPG,7
0fbb1d8d-63ff-406f-9abe-d555e4fb2de9___JR_HL-5877.JPG,7
fc18f16b-d707-4811-ad96-445590b4346f___JR_HL-5870.JPG,7
f5c4ed36-b760-41c8-9ce3-60f0e1b0f068___JR_HL-5871.JPG,7
b0705327-41b1-453b-97b0-a48fa9e50fb1___JR_HL-5874.JPG,7
5d99044d-1316-4808-9580-770052a59c46___JR_HL-5876.JPG,7
c6808045-0714-4089-a8b7-df76d9583c4e___JR_HL-5875.JPG,7
9bb6069e-32bf-430b-8e01-ff446560665c___JR_HL-5872.JPG,7
ee9a0425-e0ff-4ecc-809f-da248151c841___JR_HL-8880.JPG,7
93871bd6-a65b-4a43-9a06-c8f9092fef90___JR_HL-8881.JPG,7
b1b97da5-2df5-4530-913a-721a35881ebf___JR_HL-8877.JPG,7
65cb29a7-d70b-4e0d-a6c6-812a28232243___JR_HL-8879.JPG,7
7aea3352-7adf-4aa2-af64-3bf1f971ae35___JR_HL-8883.JPG,7
69338d8a-c618-41d4-b4ac-217feb224d71___JR_HL-8878.JPG,7
eddbea96-abe9-47be-8bda-12149f061e6a___JR_HL-8884.JPG,7
33227b26-600a-49ad-ad1c-2667442fcbc2___JR_HL-8882.JPG,7
b91d515b-9f44-4a63-aa2b-e7b3f2ea0fec___JR_HL-8312.JPG,7
17ed106f-ebaf-4049-a325-efb3040e6303___JR_HL-8307.JPG,7
d44e4a80-d921-4792-8a5f-121c84951a7b___JR_HL-8309.JPG,7
c7cf9ebb-758a-4179-a054-2f8d9faf8455___JR_HL-8311.JPG,7
036a4558-093c-4317-a9df-742fdfef335a___JR_HL-8310.JPG,7
3d9eb50c-3739-4e37-987b-c70a398741e5___JR_HL-8308.JPG,7
a53ba8f6-7a46-4d3b-b914-71c4d7d65f81___JR_HL-8314.JPG,7
ae172a8d-9d33-453e-b219-a300516bc06e___JR_HL-8313.JPG,7
39f9b3aa-9424-4f3c-9988-1b576a23eb93___JR_HL-5908.JPG,7
b06117a8-6ca6-4b82-96cf-07604beb8f1b___JR_HL-5906.JPG,7
572c5e37-475a-4df7-8576-f46cdab104c4___JR_HL-5910.JPG,7
22eaa182-bd24-47f0-a2f8-e7bcfff9163a___JR_HL-5907.JPG,7
619b71a3-585f-43dd-b22a-3c2f3fcccfa7___JR_HL-5904.JPG,7
9a6d9b66-d1cc-4fe0-8408-ff1be11d4b2e___JR_HL-5909.JPG,7
30017b31-dbab-47e3-9c73-78864b785972___JR_HL-5905.JPG,7
b3f830ee-a2b4-4e58-8f76-4c11c315c31e___JR_HL-5911.JPG,7
4498790b-0f2a-42bd-be32-509229d8593c___JR_HL-8667.JPG,7
18cf27f2-1bd9-46b6-bcc4-98ff09ee37c1___JR_HL-8671.JPG,7
acfdebad-66f9-4f9d-b302-55fd79345b2a___JR_HL-8672.JPG,7
0d4e35c0-f6d6-4810-9522-14e1d491a05d___JR_HL-8673.JPG,7
ae63319c-d90a-4fbe-b11a-cbc8b2a1db23___JR_HL-8669.JPG,7
e82c0356-bcb1-4d19-9ce2-a9b9bf9ccb16___JR_HL-8668.JPG,7
fef57c46-de88-400b-81d1-6e2a7e990ee0___JR_HL-8670.JPG,7
cbc69440-99b0-46b4-ba9d-faf487692528___JR_HL-8674.JPG,7
